# SignalP-6.0	Organism: Other	Timestamp: 20250305084914
# ID	Prediction	OTHER	SP(Sec/SPI)	LIPO(Sec/SPII)	TAT(Tat/SPI)	TATLIPO(Tat/SPII)	PILIN(Sec/SPIII)	CS Position
XP_008593324.1 ABC transporter transmembrane region _Beauveria bassiana ARSEF 2860_	OTHER	0.999665	0.000326	0.000003	0.000001	0.000001	0.000003	
XP_008593337.1 2OG-Fe_II_ oxygenase family Oxidoreductase _Beauveria bassiana ARSEF 2860_	OTHER	0.810179	0.182792	0.002923	0.001225	0.000734	0.002162	
XP_008593348.1 pumilio-family RNA binding repeat domain-containing protein _Beauveria bassiana ARSEF 2860_	OTHER	1.000000	0.000000	0.000000	0.000000	0.000000	0.000000	
XP_008593351.1 uncharacterized protein BBA_00032 _Beauveria bassiana ARSEF 2860_	OTHER	1.000000	0.000000	0.000000	0.000000	0.000000	0.000000	
XP_008593368.1 transporter-like protein _Beauveria bassiana ARSEF 2860_	OTHER	1.000000	0.000000	0.000000	0.000000	0.000000	0.000000	
XP_008593381.1 cellobiose dehydrogenase _Beauveria bassiana ARSEF 2860_	SP	0.093720	0.845518	0.059721	0.000356	0.000329	0.000355	CS pos: 15-16. Pr: 0.8116
XP_008593390.1 nitrate assimilation regulatory protein nirA _Beauveria bassiana ARSEF 2860_	OTHER	1.000000	0.000000	0.000000	0.000000	0.000000	0.000000	
XP_008593402.1 uncharacterized protein BBA_00083 _Beauveria bassiana ARSEF 2860_	SP	0.000239	0.999236	0.000130	0.000147	0.000126	0.000125	CS pos: 20-21. Pr: 0.9854
XP_008593408.1 uncharacterized protein BBA_00089 _Beauveria bassiana ARSEF 2860_	OTHER	1.000000	0.000014	0.000000	0.000000	0.000000	0.000000	
XP_008593410.1 15-hydroxyprostaglandin dehydrogenase _NAD____ _Beauveria bassiana ARSEF 2860_	OTHER	1.000000	0.000001	0.000000	0.000000	0.000000	0.000000	
XP_008593416.1 3-hydroxyacyl-CoA dehyrogenase _Beauveria bassiana ARSEF 2860_	OTHER	0.995672	0.003407	0.000915	0.000012	0.000005	0.000009	
XP_008593436.1 RNA recognition domain-containing protein _Beauveria bassiana ARSEF 2860_	OTHER	1.000000	0.000000	0.000000	0.000000	0.000000	0.000000	
XP_008593446.1 uncharacterized protein BBA_00127 _Beauveria bassiana ARSEF 2860_	OTHER	1.000000	0.000000	0.000000	0.000000	0.000000	0.000000	
XP_008593464.1 prenylated Rab acceptor 1 _Beauveria bassiana ARSEF 2860_	OTHER	1.000000	0.000000	0.000000	0.000000	0.000000	0.000000	
XP_008593465.1 ELMO_CED-12 family protein _Beauveria bassiana ARSEF 2860_	OTHER	1.000000	0.000000	0.000000	0.000000	0.000000	0.000000	
XP_008593468.1 ATP-NAD kinase _Beauveria bassiana ARSEF 2860_	OTHER	1.000000	0.000001	0.000000	0.000000	0.000000	0.000000	
XP_008593480.1 RhoGAP domain-containing protein _Beauveria bassiana ARSEF 2860_	OTHER	1.000000	0.000001	0.000000	0.000000	0.000000	0.000000	
XP_008593488.1 FKBP-type peptidyl-prolyl cis-trans isomerase _Beauveria bassiana ARSEF 2860_	OTHER	1.000000	0.000000	0.000000	0.000000	0.000000	0.000000	
XP_008593500.1 BAH_PHD-containing protein _Beauveria bassiana ARSEF 2860_	OTHER	1.000000	0.000013	0.000000	0.000000	0.000000	0.000000	
XP_008593510.1 uncharacterized protein BBA_00191 _Beauveria bassiana ARSEF 2860_	OTHER	0.999944	0.000066	0.000014	0.000000	0.000000	0.000010	
XP_008593526.1 cation diffusion facilitator family transporter _Beauveria bassiana ARSEF 2860_	OTHER	1.000000	0.000001	0.000000	0.000000	0.000000	0.000000	
XP_008593571.1 F-box domain-containing protein _Beauveria bassiana ARSEF 2860_	OTHER	1.000000	0.000000	0.000000	0.000000	0.000000	0.000000	
XP_008593578.1 uncharacterized protein BBA_00259 _Beauveria bassiana ARSEF 2860_	OTHER	1.000000	0.000000	0.000000	0.000000	0.000000	0.000000	
XP_008593619.1 FoabaA-like protein _Beauveria bassiana ARSEF 2860_	OTHER	1.000000	0.000000	0.000000	0.000000	0.000000	0.000000	
XP_008593817.1 RTA1 domain protein, putative _Beauveria bassiana ARSEF 2860_	OTHER	1.000000	0.000003	0.000000	0.000000	0.000000	0.000000	
XP_008593831.1 trascription factor _Beauveria bassiana ARSEF 2860_	OTHER	0.999843	0.000127	0.000028	0.000002	0.000001	0.000007	
XP_008593832.1 uncharacterized protein BBA_00513 _Beauveria bassiana ARSEF 2860_	OTHER	1.000000	0.000002	0.000000	0.000000	0.000000	0.000000	
XP_008593840.1 nonhistone chromosomal protein _Beauveria bassiana ARSEF 2860_	OTHER	1.000000	0.000000	0.000000	0.000000	0.000000	0.000000	
XP_008593853.1 uncharacterized protein BBA_00534 _Beauveria bassiana ARSEF 2860_	OTHER	1.000000	0.000000	0.000000	0.000000	0.000000	0.000000	
XP_008593860.1 phosphatidylserine decarboxylase family protein _Beauveria bassiana ARSEF 2860_	OTHER	1.000000	0.000000	0.000000	0.000000	0.000000	0.000000	
XP_008593863.1 Major Facilitator Superfamily protein _Beauveria bassiana ARSEF 2860_	OTHER	0.999965	0.000084	0.000001	0.000000	0.000000	0.000000	
XP_008593867.1 calcium-translocating P-type ATPase _Beauveria bassiana ARSEF 2860_	OTHER	1.000000	0.000001	0.000000	0.000000	0.000000	0.000000	
XP_008593870.1 major facilitator superfamily transporter _Beauveria bassiana ARSEF 2860_	OTHER	1.000000	0.000000	0.000000	0.000000	0.000000	0.000000	
XP_008593892.1 uncharacterized protein BBA_00573 _Beauveria bassiana ARSEF 2860_	OTHER	1.000000	0.000000	0.000000	0.000000	0.000000	0.000000	
XP_008593909.1 uncharacterized protein BBA_00590 _Beauveria bassiana ARSEF 2860_	OTHER	1.000000	0.000000	0.000000	0.000000	0.000000	0.000000	
XP_008593918.1 hisactophilin C49S mutant_phototropin PHY3 fusion protein _Beauveria bassiana ARSEF 2860_	OTHER	1.000000	0.000000	0.000000	0.000000	0.000000	0.000000	
XP_008593921.1 kelch domain-containing protein _Beauveria bassiana ARSEF 2860_	OTHER	1.000000	0.000000	0.000000	0.000000	0.000000	0.000000	
XP_008593954.1 Secretory lipase family protein _Beauveria bassiana ARSEF 2860_	SP	0.001021	0.998103	0.000189	0.000263	0.000209	0.000197	CS pos: 21-22. Pr: 0.9673
XP_008593963.1 uncharacterized protein BBA_00644 _Beauveria bassiana ARSEF 2860_	OTHER	1.000000	0.000000	0.000000	0.000000	0.000000	0.000000	
XP_008593973.1 uncharacterized protein BBA_00654 _Beauveria bassiana ARSEF 2860_	OTHER	1.000000	0.000003	0.000000	0.000000	0.000000	0.000000	
XP_008593982.1 beta-lactamase family protein _Beauveria bassiana ARSEF 2860_	OTHER	1.000000	0.000001	0.000000	0.000000	0.000000	0.000000	
XP_008594010.1 uncharacterized protein BBA_00691 _Beauveria bassiana ARSEF 2860_	OTHER	1.000000	0.000004	0.000000	0.000000	0.000000	0.000000	
XP_008594021.1 lipase, putative _Beauveria bassiana ARSEF 2860_	SP	0.006792	0.991660	0.000563	0.000309	0.000311	0.000345	CS pos: 18-19. Pr: 0.5995
XP_008594023.1 ferric-chelate reductase _Beauveria bassiana ARSEF 2860_	OTHER	1.000000	0.000000	0.000000	0.000000	0.000000	0.000000	
XP_008594045.1 glutamine synthetase _Beauveria bassiana ARSEF 2860_	OTHER	1.000000	0.000000	0.000000	0.000000	0.000000	0.000000	
XP_008594074.1 asparaginyl-tRNA synthetase _Beauveria bassiana ARSEF 2860_	OTHER	1.000000	0.000004	0.000000	0.000000	0.000000	0.000000	
XP_008594075.1 cAMP-independent regulatory protein pac2 _Beauveria bassiana ARSEF 2860_	OTHER	1.000000	0.000000	0.000000	0.000000	0.000000	0.000000	
XP_008594076.1 RNA-metabolising metallo-beta-lactamase _Beauveria bassiana ARSEF 2860_	OTHER	1.000000	0.000001	0.000000	0.000000	0.000000	0.000000	
XP_008594094.1 glutamate_Leucine_Phenylalanine_Valine dehydrogenase _Beauveria bassiana ARSEF 2860_	OTHER	1.000000	0.000000	0.000000	0.000000	0.000000	0.000000	
XP_008594097.1 WD domain-containing protein _Beauveria bassiana ARSEF 2860_	OTHER	1.000000	0.000000	0.000000	0.000000	0.000000	0.000000	
XP_008594098.1 uncharacterized protein BBA_00779 _Beauveria bassiana ARSEF 2860_	OTHER	1.000000	0.000000	0.000000	0.000000	0.000000	0.000000	
XP_008594118.1 phosphate transporter _Beauveria bassiana ARSEF 2860_	OTHER	1.000000	0.000000	0.000000	0.000000	0.000000	0.000000	
XP_008594130.1 uncharacterized protein BBA_00811 _Beauveria bassiana ARSEF 2860_	OTHER	0.980268	0.019294	0.000313	0.000054	0.000023	0.000046	
XP_008594132.1 hydroxyacylglutathione hydrolase _Beauveria bassiana ARSEF 2860_	OTHER	0.999569	0.000429	0.000011	0.000002	0.000001	0.000005	
XP_008594163.1 fungal specific transcription factor _Beauveria bassiana ARSEF 2860_	OTHER	1.000000	0.000000	0.000000	0.000000	0.000000	0.000000	
XP_008594164.1 LCCL domain-containing protein _Beauveria bassiana ARSEF 2860_	OTHER	1.000000	0.000000	0.000000	0.000000	0.000000	0.000000	
XP_008594176.1 endonuclease_Exonuclease_phosphatase protein _Beauveria bassiana ARSEF 2860_	OTHER	1.000000	0.000003	0.000000	0.000000	0.000000	0.000000	
XP_008594180.1 C6 transcription factor _Beauveria bassiana ARSEF 2860_	OTHER	1.000000	0.000000	0.000000	0.000000	0.000000	0.000000	
XP_008594181.1 uncharacterized protein BBA_00862 _Beauveria bassiana ARSEF 2860_	OTHER	1.000000	0.000004	0.000000	0.000000	0.000000	0.000000	
XP_008594187.1 G-protein coupled receptor _Beauveria bassiana ARSEF 2860_	OTHER	1.000000	0.000001	0.000000	0.000000	0.000000	0.000000	
XP_008594188.1 uncharacterized protein BBA_00869 _Beauveria bassiana ARSEF 2860_	OTHER	1.000000	0.000000	0.000000	0.000000	0.000000	0.000000	
XP_008594197.1 proline dehydrogenase _Beauveria bassiana ARSEF 2860_	OTHER	1.000000	0.000000	0.000000	0.000000	0.000000	0.000000	
XP_008594613.1 zinc_iron transporter protein _Beauveria bassiana ARSEF 2860_	SP	0.006341	0.992594	0.000258	0.000313	0.000242	0.000246	CS pos: 18-19. Pr: 0.9568
XP_008594614.1 uncharacterized protein BBA_01295 _Beauveria bassiana ARSEF 2860_	OTHER	1.000000	0.000000	0.000000	0.000000	0.000000	0.000000	
XP_008594623.1 metallothionein expression activator _Beauveria bassiana ARSEF 2860_	OTHER	1.000000	0.000000	0.000000	0.000000	0.000000	0.000000	
XP_008594632.1 amidase-like protein _Beauveria bassiana ARSEF 2860_	OTHER	1.000000	0.000000	0.000000	0.000000	0.000000	0.000000	
XP_008594653.1 large conductance mechanosensitive channel protein _Beauveria bassiana ARSEF 2860_	OTHER	0.999888	0.000110	0.000001	0.000001	0.000001	0.000001	
XP_008594657.1 glycosyl hydrolase family 76 _Beauveria bassiana ARSEF 2860_	SP	0.000706	0.998421	0.000196	0.000251	0.000216	0.000199	CS pos: 15-16. Pr: 0.9635
XP_008594753.1 rhomboid family protein _Beauveria bassiana ARSEF 2860_	OTHER	1.000000	0.000000	0.000000	0.000000	0.000000	0.000000	
XP_008594756.1 methyl transferase _Beauveria bassiana ARSEF 2860_	OTHER	1.000000	0.000001	0.000000	0.000000	0.000000	0.000000	
XP_008594757.1 transcription factor IIA _Beauveria bassiana ARSEF 2860_	OTHER	1.000000	0.000000	0.000000	0.000000	0.000000	0.000000	
XP_008594761.1 hypoxia induced family protein _Beauveria bassiana ARSEF 2860_	OTHER	0.999826	0.000171	0.000004	0.000001	0.000001	0.000004	
XP_008594778.1 DEAD_DEAH box helicase _Beauveria bassiana ARSEF 2860_	OTHER	1.000000	0.000000	0.000000	0.000000	0.000000	0.000000	
XP_008594790.1 uncharacterized protein BBA_01471 _Beauveria bassiana ARSEF 2860_	OTHER	1.000000	0.000000	0.000000	0.000000	0.000000	0.000000	
XP_008594805.1 C6 finger domain protein, putative _Beauveria bassiana ARSEF 2860_	OTHER	0.986216	0.013649	0.000073	0.000031	0.000017	0.000032	
XP_008594806.1 MOSC domain-containing protein _Beauveria bassiana ARSEF 2860_	OTHER	1.000000	0.000010	0.000000	0.000000	0.000000	0.000000	
XP_008594821.1 fungal specific transcription factor _Beauveria bassiana ARSEF 2860_	OTHER	1.000000	0.000000	0.000000	0.000000	0.000000	0.000000	
XP_008594825.1 FAD dependent oxidoreductase _Beauveria bassiana ARSEF 2860_	OTHER	1.000000	0.000001	0.000000	0.000000	0.000000	0.000000	
XP_008594832.1 proteasome A-type and B-type _Beauveria bassiana ARSEF 2860_	OTHER	1.000000	0.000005	0.000000	0.000000	0.000000	0.000000	
XP_008594833.1 C6 finger domain protein _Beauveria bassiana ARSEF 2860_	OTHER	1.000000	0.000000	0.000000	0.000000	0.000000	0.000000	
XP_008594846.1 uncharacterized protein BBA_01527 _Beauveria bassiana ARSEF 2860_	OTHER	1.000000	0.000000	0.000000	0.000000	0.000000	0.000000	
XP_008594848.1 prenylcysteine oxidase _Beauveria bassiana ARSEF 2860_	SP	0.473242	0.525715	0.000310	0.000238	0.000223	0.000261	CS pos: 21-22. Pr: 0.4372
XP_008594869.1 Glycosyl transferase, family 28 _Beauveria bassiana ARSEF 2860_	OTHER	1.000000	0.000001	0.000000	0.000000	0.000000	0.000000	
XP_008594870.1 rhodopsin family protein _Beauveria bassiana ARSEF 2860_	OTHER	0.999242	0.000738	0.000056	0.000001	0.000001	0.000002	
XP_008594905.1 DEAD_DEAH box helicase _Beauveria bassiana ARSEF 2860_	OTHER	1.000000	0.000001	0.000000	0.000000	0.000000	0.000000	
XP_008594923.1 uncharacterized protein BBA_01604 _Beauveria bassiana ARSEF 2860_	OTHER	0.999676	0.000311	0.000016	0.000002	0.000001	0.000004	
XP_008595582.1 DNA polymerase epsilon subunit C _Beauveria bassiana ARSEF 2860_	OTHER	1.000000	0.000000	0.000000	0.000000	0.000000	0.000000	
XP_008595606.1 uncharacterized protein BBA_02287 _Beauveria bassiana ARSEF 2860_	OTHER	0.978542	0.021303	0.000075	0.000044	0.000021	0.000038	
XP_008595624.1 proteasome regulatory subunit 12 _Beauveria bassiana ARSEF 2860_	OTHER	1.000000	0.000000	0.000000	0.000000	0.000000	0.000000	
XP_008595632.1 tudor domain-containing protein _Beauveria bassiana ARSEF 2860_	OTHER	1.000000	0.000000	0.000000	0.000000	0.000000	0.000000	
XP_008595640.1 uncharacterized protein BBA_02321 _Beauveria bassiana ARSEF 2860_	OTHER	1.000000	0.000001	0.000000	0.000000	0.000000	0.000000	
XP_008596112.1 ankyrin repeat domain-containing protein 28 _Beauveria bassiana ARSEF 2860_	SP	0.287924	0.698414	0.007463	0.001141	0.000729	0.004311	CS pos: 16-17. Pr: 0.7688
XP_008596115.1 GNAT family acetyltransferase, putative _Beauveria bassiana ARSEF 2860_	OTHER	0.999954	0.000101	0.000001	0.000000	0.000000	0.000000	
XP_008596135.1 putative phytochrome-like histidine kinase PHY1p _Beauveria bassiana ARSEF 2860_	OTHER	1.000000	0.000001	0.000000	0.000000	0.000000	0.000000	
XP_008596136.1 copper fist DNA binding domain-containing protein _Beauveria bassiana ARSEF 2860_	OTHER	0.999914	0.000137	0.000000	0.000000	0.000000	0.000000	
XP_008596153.1 allantoate permease _Beauveria bassiana ARSEF 2860_	OTHER	1.000000	0.000000	0.000000	0.000000	0.000000	0.000000	
XP_008596161.1 nucleoporin autopeptidase _Beauveria bassiana ARSEF 2860_	OTHER	1.000000	0.000000	0.000000	0.000000	0.000000	0.000000	
XP_008596166.1 uncharacterized protein BBA_02847 _Beauveria bassiana ARSEF 2860_	OTHER	1.000000	0.000000	0.000000	0.000000	0.000000	0.000000	
XP_008596168.1 VHS domain-containing protein _Beauveria bassiana ARSEF 2860_	OTHER	1.000000	0.000002	0.000000	0.000000	0.000000	0.000000	
XP_008596182.1 cyclin domain-containing protein _Beauveria bassiana ARSEF 2860_	OTHER	1.000000	0.000000	0.000000	0.000000	0.000000	0.000000	
XP_008596188.1 methylthioadenosine phosphorylase _Beauveria bassiana ARSEF 2860_	OTHER	1.000000	0.000000	0.000000	0.000000	0.000000	0.000000	
XP_008596189.1 DUF323 domain-containing protein _Beauveria bassiana ARSEF 2860_	OTHER	1.000000	0.000017	0.000000	0.000000	0.000000	0.000000	
XP_008596192.1 sarcosine oxidase _Beauveria bassiana ARSEF 2860_	OTHER	1.000000	0.000009	0.000000	0.000000	0.000000	0.000000	
XP_008596201.1 zinc knuckle protein _Beauveria bassiana ARSEF 2860_	OTHER	1.000000	0.000031	0.000000	0.000000	0.000000	0.000000	
XP_008596229.1 methionine aminopeptidase _Beauveria bassiana ARSEF 2860_	OTHER	0.999888	0.000138	0.000002	0.000001	0.000000	0.000001	
XP_008596235.1 MFS transporter, putative _Beauveria bassiana ARSEF 2860_	OTHER	0.999992	0.000024	0.000000	0.000000	0.000000	0.000000	
XP_008596287.1 regulator of G protein signaling _Beauveria bassiana ARSEF 2860_	OTHER	1.000000	0.000000	0.000000	0.000000	0.000000	0.000000	
XP_008596288.1 uncharacterized protein BBA_02969 _Beauveria bassiana ARSEF 2860_	OTHER	1.000000	0.000005	0.000000	0.000000	0.000000	0.000000	
XP_008596306.1 suppressor of Mek1 _Beauveria bassiana ARSEF 2860_	OTHER	1.000000	0.000000	0.000000	0.000000	0.000000	0.000000	
XP_008596333.1 bZIP transcription factor _Beauveria bassiana ARSEF 2860_	OTHER	1.000000	0.000000	0.000000	0.000000	0.000000	0.000000	
XP_008596355.1 methyltransferase domain-containing protein _Beauveria bassiana ARSEF 2860_	OTHER	1.000000	0.000000	0.000000	0.000000	0.000000	0.000000	
XP_008596369.1 ECM29 protein _Beauveria bassiana ARSEF 2860_	OTHER	1.000000	0.000000	0.000000	0.000000	0.000000	0.000000	
XP_008596374.1 HPP family protein _Beauveria bassiana ARSEF 2860_	OTHER	0.999905	0.000123	0.000000	0.000000	0.000000	0.000000	
XP_008596396.1 cefP protein _Beauveria bassiana ARSEF 2860_	OTHER	1.000000	0.000001	0.000000	0.000000	0.000000	0.000000	
XP_008596407.1 Ankyrin repeat protein _Beauveria bassiana ARSEF 2860_	OTHER	1.000000	0.000000	0.000000	0.000000	0.000000	0.000000	
XP_008596418.1 uncharacterized protein BBA_03099 _Beauveria bassiana ARSEF 2860_	SP	0.000366	0.998992	0.000151	0.000183	0.000159	0.000152	CS pos: 22-23. Pr: 0.9289
XP_008596430.1 uncharacterized protein BBA_03111 _Beauveria bassiana ARSEF 2860_	OTHER	1.000000	0.000000	0.000000	0.000000	0.000000	0.000000	
XP_008596433.1 ubiquitin-conjugating enzyme _Beauveria bassiana ARSEF 2860_	OTHER	1.000000	0.000000	0.000000	0.000000	0.000000	0.000000	
XP_008596436.1 Acyl-CoA N-acyltransferase _Beauveria bassiana ARSEF 2860_	OTHER	1.000000	0.000001	0.000000	0.000000	0.000000	0.000000	
XP_008596456.1 putative metacaspase _Beauveria bassiana ARSEF 2860_	OTHER	1.000000	0.000000	0.000000	0.000000	0.000000	0.000000	
XP_008596463.1 short chain dehydrogenase _Beauveria bassiana ARSEF 2860_	OTHER	1.000000	0.000000	0.000000	0.000000	0.000000	0.000000	
XP_008596467.1 glycoside hydrolase family 63 _Beauveria bassiana ARSEF 2860_	OTHER	1.000000	0.000001	0.000000	0.000000	0.000000	0.000000	
XP_008596500.1 putative zinc finger protein _Beauveria bassiana ARSEF 2860_	OTHER	1.000000	0.000000	0.000000	0.000000	0.000000	0.000000	
XP_008596501.1 uncharacterized protein BBA_03182 _Beauveria bassiana ARSEF 2860_	OTHER	1.000000	0.000000	0.000000	0.000000	0.000000	0.000000	
XP_008596513.1 RasGEF domain-containing protein _Beauveria bassiana ARSEF 2860_	OTHER	1.000000	0.000000	0.000000	0.000000	0.000000	0.000000	
XP_008596533.1 uncharacterized protein BBA_03214 _Beauveria bassiana ARSEF 2860_	OTHER	1.000000	0.000000	0.000000	0.000000	0.000000	0.000000	
XP_008596542.1 capsular associated protein _Beauveria bassiana ARSEF 2860_	OTHER	0.771718	0.226243	0.001549	0.000127	0.000124	0.000241	
XP_008596565.1 cell wall protein _Beauveria bassiana ARSEF 2860_	SP	0.000227	0.999189	0.000144	0.000152	0.000139	0.000128	CS pos: 24-25. Pr: 0.9639
XP_008596581.1 MYB DNA-binding domain-containing protein _Beauveria bassiana ARSEF 2860_	OTHER	1.000000	0.000004	0.000000	0.000000	0.000000	0.000000	
XP_008596582.1 pre-mRNA processing splicing factor 8 _Beauveria bassiana ARSEF 2860_	OTHER	1.000000	0.000000	0.000000	0.000000	0.000000	0.000000	
XP_008596599.1 peroxin 11C _Beauveria bassiana ARSEF 2860_	OTHER	1.000000	0.000012	0.000000	0.000000	0.000000	0.000000	
XP_008596639.1 uncharacterized protein BBA_03320 _Beauveria bassiana ARSEF 2860_	OTHER	1.000000	0.000000	0.000000	0.000000	0.000000	0.000000	
XP_008596655.1 uncharacterized protein BBA_03336 _Beauveria bassiana ARSEF 2860_	OTHER	0.999988	0.000002	0.000010	0.000000	0.000000	0.000000	
XP_008596673.1 uncharacterized protein BBA_03354 _Beauveria bassiana ARSEF 2860_	SP	0.081162	0.916750	0.000788	0.000525	0.000327	0.000429	CS pos: 21-22. Pr: 0.9001
XP_008596685.1 periplasmic binding protein _Beauveria bassiana ARSEF 2860_	SP	0.000282	0.999054	0.000173	0.000175	0.000155	0.000141	CS pos: 19-20. Pr: 0.9677
XP_008596690.1 C2H2 transcription factor _Beauveria bassiana ARSEF 2860_	OTHER	1.000000	0.000000	0.000000	0.000000	0.000000	0.000000	
XP_008596709.1 protein kinase kin1 _Beauveria bassiana ARSEF 2860_	OTHER	1.000000	0.000000	0.000000	0.000000	0.000000	0.000000	
XP_008596712.1 uncharacterized protein BBA_03393 _Beauveria bassiana ARSEF 2860_	OTHER	1.000000	0.000000	0.000000	0.000000	0.000000	0.000000	
XP_008596713.1 fructose-1-6-bisphosphatase _Beauveria bassiana ARSEF 2860_	OTHER	1.000000	0.000000	0.000000	0.000000	0.000000	0.000000	
XP_008596719.1 Cytochrome P450 CYP503B1 _Beauveria bassiana ARSEF 2860_	OTHER	1.000000	0.000001	0.000000	0.000000	0.000000	0.000000	
XP_008596726.1 phospholipid metabolism enzyme regulator _Beauveria bassiana ARSEF 2860_	OTHER	1.000000	0.000005	0.000000	0.000000	0.000000	0.000000	
XP_008596730.1 uncharacterized protein BBA_03411 _Beauveria bassiana ARSEF 2860_	SP	0.000510	0.998786	0.000173	0.000176	0.000162	0.000156	CS pos: 19-20. Pr: 0.9160
XP_008596761.1 uncharacterized protein BBA_03442 _Beauveria bassiana ARSEF 2860_	OTHER	1.000000	0.000000	0.000000	0.000000	0.000000	0.000000	
XP_008596765.1 MFS transporter _Beauveria bassiana ARSEF 2860_	OTHER	1.000000	0.000000	0.000000	0.000000	0.000000	0.000000	
XP_008596779.1 phosphatidylinositol transfer protein CSR1 _Beauveria bassiana ARSEF 2860_	OTHER	1.000000	0.000015	0.000000	0.000000	0.000000	0.000000	
XP_008596831.1 transcription initiation factor IIF subunit alpha _Beauveria bassiana ARSEF 2860_	OTHER	1.000000	0.000000	0.000000	0.000000	0.000000	0.000000	
XP_008596837.1 major facilitator superfamily transporter _Beauveria bassiana ARSEF 2860_	OTHER	0.999919	0.000091	0.000000	0.000000	0.000000	0.000000	
XP_008597518.1 mitosis protein DIM1 _Beauveria bassiana ARSEF 2860_	OTHER	1.000000	0.000000	0.000000	0.000000	0.000000	0.000000	
XP_008597524.1 major facilitator superfamily transporter _Beauveria bassiana ARSEF 2860_	OTHER	1.000000	0.000000	0.000000	0.000000	0.000000	0.000000	
XP_008597596.1 hydroxyethylthiazole kinase _Beauveria bassiana ARSEF 2860_	OTHER	1.000000	0.000002	0.000000	0.000000	0.000000	0.000000	
XP_008597602.1 ATPase protein _Beauveria bassiana ARSEF 2860_	OTHER	1.000000	0.000000	0.000000	0.000000	0.000000	0.000000	
XP_008597628.1 pyruvate carboxylase _Beauveria bassiana ARSEF 2860_	OTHER	1.000000	0.000022	0.000000	0.000000	0.000000	0.000000	
XP_008597635.1 vacuolar membrane protein _Beauveria bassiana ARSEF 2860_	OTHER	1.000000	0.000001	0.000000	0.000000	0.000000	0.000000	
XP_008597637.1 PH domain-containing protein _Beauveria bassiana ARSEF 2860_	OTHER	1.000000	0.000001	0.000000	0.000000	0.000000	0.000000	
XP_008597646.1 amino acid adenylation domain protein _Beauveria bassiana ARSEF 2860_	OTHER	1.000000	0.000005	0.000000	0.000000	0.000000	0.000000	
XP_008597647.1 aminotriazole resistance protein _Beauveria bassiana ARSEF 2860_	OTHER	1.000000	0.000000	0.000000	0.000000	0.000000	0.000000	
XP_008597648.1 cellular morphogenesis regulator DopA _Beauveria bassiana ARSEF 2860_	OTHER	0.999889	0.000150	0.000001	0.000000	0.000000	0.000000	
XP_008597663.1 casein kinase I hhp1 _Beauveria bassiana ARSEF 2860_	OTHER	1.000000	0.000000	0.000000	0.000000	0.000000	0.000000	
XP_008597667.1 wd-repeat protein _Beauveria bassiana ARSEF 2860_	OTHER	0.999959	0.000073	0.000000	0.000000	0.000000	0.000000	
XP_008597693.1 polyketide synthase, putative _Beauveria bassiana ARSEF 2860_	OTHER	1.000000	0.000001	0.000000	0.000000	0.000000	0.000000	
XP_008597715.1 exportin 1-like protein _Beauveria bassiana ARSEF 2860_	OTHER	0.999876	0.000156	0.000003	0.000001	0.000000	0.000001	
XP_008597724.1 LEA domain protein _Beauveria bassiana ARSEF 2860_	OTHER	1.000000	0.000000	0.000000	0.000000	0.000000	0.000000	
XP_008597740.1 RhoGAP domain-containing protein _Beauveria bassiana ARSEF 2860_	OTHER	1.000000	0.000001	0.000000	0.000000	0.000000	0.000000	
XP_008597753.1 protein translocation complex subunit SSS1 _Beauveria bassiana ARSEF 2860_	OTHER	0.999967	0.000026	0.000000	0.000000	0.000000	0.000000	
XP_008597754.1 meiotically up-regulated 80 protein _Beauveria bassiana ARSEF 2860_	OTHER	1.000000	0.000010	0.000000	0.000000	0.000000	0.000000	
XP_008597758.1 splicing factor 3A subunit 2 _Beauveria bassiana ARSEF 2860_	OTHER	1.000000	0.000000	0.000000	0.000000	0.000000	0.000000	
XP_008597760.1 nuclear GTP-binding protein NUG1 _Beauveria bassiana ARSEF 2860_	OTHER	1.000000	0.000000	0.000000	0.000000	0.000000	0.000000	
XP_008597767.1 C6 zinc finger domain-containing protein _Beauveria bassiana ARSEF 2860_	OTHER	1.000000	0.000000	0.000000	0.000000	0.000000	0.000000	
XP_008597768.1 helix-loop-helix DNA-binding domain-containing protein _Beauveria bassiana ARSEF 2860_	OTHER	1.000000	0.000000	0.000000	0.000000	0.000000	0.000000	
XP_008597788.1 uncharacterized protein BBA_04469 _Beauveria bassiana ARSEF 2860_	OTHER	1.000000	0.000002	0.000000	0.000000	0.000000	0.000000	
XP_008597789.1 KH domain-containing protein _Beauveria bassiana ARSEF 2860_	OTHER	1.000000	0.000001	0.000000	0.000000	0.000000	0.000000	
XP_008597799.1 oligopeptide transporter _Beauveria bassiana ARSEF 2860_	OTHER	0.999971	0.000054	0.000000	0.000000	0.000000	0.000000	
XP_008597827.1 RluA family pseudouridine synthase _Beauveria bassiana ARSEF 2860_	OTHER	1.000000	0.000001	0.000000	0.000000	0.000000	0.000000	
XP_008597833.1 torulene oxygenase _Beauveria bassiana ARSEF 2860_	OTHER	1.000000	0.000000	0.000000	0.000000	0.000000	0.000000	
XP_008597835.1 amidohydrolase-like protein _Beauveria bassiana ARSEF 2860_	OTHER	1.000000	0.000001	0.000000	0.000000	0.000000	0.000000	
XP_008597844.1 PH domain-containing protein _Beauveria bassiana ARSEF 2860_	OTHER	0.999596	0.000359	0.000042	0.000003	0.000001	0.000019	
XP_008597875.1 RTA1 like protein _Beauveria bassiana ARSEF 2860_	OTHER	1.000000	0.000002	0.000000	0.000000	0.000000	0.000000	
XP_008597878.1 uncharacterized protein BBA_04559 _Beauveria bassiana ARSEF 2860_	SP	0.000239	0.999120	0.000163	0.000173	0.000148	0.000139	CS pos: 21-22. Pr: 0.9719
XP_008597885.1 phosphotransferase enzyme family protein _Beauveria bassiana ARSEF 2860_	OTHER	1.000000	0.000001	0.000000	0.000000	0.000000	0.000000	
XP_008597887.1 arrestin domain-containing protein _Beauveria bassiana ARSEF 2860_	OTHER	1.000000	0.000000	0.000000	0.000000	0.000000	0.000000	
XP_008597888.1 WD domain-containing protein _Beauveria bassiana ARSEF 2860_	OTHER	1.000000	0.000005	0.000000	0.000000	0.000000	0.000000	
XP_008597889.1 mitochondrial Rho GTPase _Beauveria bassiana ARSEF 2860_	OTHER	1.000000	0.000000	0.000000	0.000000	0.000000	0.000000	
XP_008597894.1 iron permease FTR1 family protein _Beauveria bassiana ARSEF 2860_	OTHER	1.000000	0.000000	0.000000	0.000000	0.000000	0.000000	
XP_008597925.1 uncharacterized protein BBA_04606 _Beauveria bassiana ARSEF 2860_	OTHER	1.000000	0.000000	0.000000	0.000000	0.000000	0.000000	
XP_008597926.1 uncharacterized protein BBA_04607 _Beauveria bassiana ARSEF 2860_	OTHER	0.999642	0.000391	0.000001	0.000000	0.000000	0.000000	
XP_008597934.1 uncharacterized protein BBA_04615 _Beauveria bassiana ARSEF 2860_	OTHER	1.000000	0.000002	0.000000	0.000000	0.000000	0.000000	
XP_008597947.1 Poly_A_ RNA polymerase cid11 _Beauveria bassiana ARSEF 2860_	OTHER	1.000000	0.000000	0.000000	0.000000	0.000000	0.000000	
XP_008597951.1 calcineurin-like phosphoesterase _Beauveria bassiana ARSEF 2860_	SP	0.000312	0.998997	0.000164	0.000191	0.000170	0.000148	CS pos: 17-18. Pr: 0.9757
XP_008597957.1 flavohemoglobin-like protein _Beauveria bassiana ARSEF 2860_	OTHER	1.000000	0.000002	0.000000	0.000000	0.000000	0.000000	
XP_008597958.1 uncharacterized protein BBA_04639 _Beauveria bassiana ARSEF 2860_	OTHER	1.000000	0.000000	0.000000	0.000000	0.000000	0.000000	
XP_008597959.1 glucanosyltransferase-like protein _Beauveria bassiana ARSEF 2860_	SP	0.000266	0.999104	0.000162	0.000159	0.000153	0.000134	CS pos: 23-24. Pr: 0.8285
XP_008597965.1 C6 zinc finger domain protein _Beauveria bassiana ARSEF 2860_	OTHER	1.000000	0.000003	0.000000	0.000000	0.000000	0.000000	
XP_008597969.1 polyketide synthase, putative _Beauveria bassiana ARSEF 2860_	OTHER	1.000000	0.000000	0.000000	0.000000	0.000000	0.000000	
XP_008597982.1 capsular associated protein _Beauveria bassiana ARSEF 2860_	OTHER	0.998066	0.001867	0.000015	0.000008	0.000005	0.000042	
XP_008597985.1 ubiquitin-conjugating enzyme _Beauveria bassiana ARSEF 2860_	OTHER	1.000000	0.000001	0.000000	0.000000	0.000000	0.000000	
XP_008597999.1 C6 transcription factor _Beauveria bassiana ARSEF 2860_	OTHER	1.000000	0.000012	0.000000	0.000000	0.000000	0.000000	
XP_008598007.1 glycosyl hydrolase family 76 _Beauveria bassiana ARSEF 2860_	SP	0.000305	0.999021	0.000158	0.000184	0.000160	0.000156	CS pos: 19-20. Pr: 0.9765
XP_008598008.1 uncharacterized protein BBA_04689 _Beauveria bassiana ARSEF 2860_	SP	0.000396	0.998927	0.000147	0.000182	0.000155	0.000153	CS pos: 30-31. Pr: 0.5423
XP_008598009.1 Na,H_K antiporter P-type ATPase _Beauveria bassiana ARSEF 2860_	OTHER	1.000000	0.000000	0.000000	0.000000	0.000000	0.000000	
XP_008598016.1 uncharacterized protein BBA_04697 _Beauveria bassiana ARSEF 2860_	OTHER	1.000000	0.000000	0.000000	0.000000	0.000000	0.000000	
XP_008598017.1 uncharacterized protein BBA_04698 _Beauveria bassiana ARSEF 2860_	OTHER	0.714970	0.282943	0.000653	0.000700	0.000319	0.000420	
XP_008598024.1 Cytochrome P450 CYP5293A1 _Beauveria bassiana ARSEF 2860_	OTHER	1.000000	0.000000	0.000000	0.000000	0.000000	0.000000	
XP_008598030.1 AMP-binding enzyme _Beauveria bassiana ARSEF 2860_	OTHER	1.000000	0.000002	0.000000	0.000000	0.000000	0.000000	
XP_008598031.1 BRCA1 C Terminus _BRCT_ domain containing protein _Beauveria bassiana ARSEF 2860_	OTHER	1.000000	0.000001	0.000000	0.000000	0.000000	0.000000	
XP_008598043.1 uncharacterized protein BBA_04724 _Beauveria bassiana ARSEF 2860_	OTHER	1.000000	0.000002	0.000000	0.000000	0.000000	0.000000	
XP_008598044.1 eukaryotic and archaeal DNA primase _Beauveria bassiana ARSEF 2860_	OTHER	1.000000	0.000000	0.000000	0.000000	0.000000	0.000000	
XP_008598049.1 uncharacterized protein BBA_04730 _Beauveria bassiana ARSEF 2860_	OTHER	1.000000	0.000000	0.000000	0.000000	0.000000	0.000000	
XP_008598059.1 domain found in IF2B_IF5 _Beauveria bassiana ARSEF 2860_	OTHER	1.000000	0.000000	0.000000	0.000000	0.000000	0.000000	
XP_008598061.1 synaptobrevin-like protein _Beauveria bassiana ARSEF 2860_	OTHER	1.000000	0.000000	0.000000	0.000000	0.000000	0.000000	
XP_008598095.1 uncharacterized protein BBA_04776 _Beauveria bassiana ARSEF 2860_	OTHER	0.999911	0.000138	0.000005	0.000000	0.000000	0.000000	
XP_008598101.1 uncharacterized protein BBA_04782 _Beauveria bassiana ARSEF 2860_	SP	0.000272	0.999135	0.000148	0.000153	0.000141	0.000131	CS pos: 23-24. Pr: 0.7834
XP_008598102.1 UDP-N-acetylmuramate--L-alanine ligase _Beauveria bassiana ARSEF 2860_	OTHER	1.000000	0.000000	0.000000	0.000000	0.000000	0.000000	
XP_008598105.1 uncharacterized protein BBA_04786 _Beauveria bassiana ARSEF 2860_	OTHER	1.000000	0.000000	0.000000	0.000000	0.000000	0.000000	
XP_008598119.1 uncharacterized protein BBA_04800 _Beauveria bassiana ARSEF 2860_	OTHER	1.000000	0.000003	0.000000	0.000000	0.000000	0.000000	
XP_008598126.1 SPX domain-containing protein _Beauveria bassiana ARSEF 2860_	OTHER	1.000000	0.000000	0.000000	0.000000	0.000000	0.000000	
XP_008598147.1 vacuolar basic amino acid transporter 1 _Beauveria bassiana ARSEF 2860_	OTHER	1.000000	0.000000	0.000000	0.000000	0.000000	0.000000	
XP_008598170.1 uracil phosphoribosyltransferase _Beauveria bassiana ARSEF 2860_	OTHER	1.000000	0.000000	0.000000	0.000000	0.000000	0.000000	
XP_008598174.1 6-phosphofructo-2-kinase _Beauveria bassiana ARSEF 2860_	OTHER	1.000000	0.000002	0.000000	0.000000	0.000000	0.000000	
XP_008598185.1 finger protein AZF1 _Beauveria bassiana ARSEF 2860_	OTHER	1.000000	0.000000	0.000000	0.000000	0.000000	0.000000	
XP_008598186.1 uncharacterized protein BBA_04867 _Beauveria bassiana ARSEF 2860_	OTHER	1.000000	0.000000	0.000000	0.000000	0.000000	0.000000	
XP_008598193.1 RAI1-like protein _Beauveria bassiana ARSEF 2860_	OTHER	1.000000	0.000000	0.000000	0.000000	0.000000	0.000000	
XP_008598198.1 uncharacterized protein BBA_04879 _Beauveria bassiana ARSEF 2860_	OTHER	1.000000	0.000002	0.000000	0.000000	0.000000	0.000000	
XP_008598214.1 alkaline phosphatase _Beauveria bassiana ARSEF 2860_	OTHER	1.000000	0.000000	0.000000	0.000000	0.000000	0.000000	
XP_008598217.1 protein required for amino acid permease transport from the Golgi to the cell surface _Beauveria bassiana ARSEF 2860_	OTHER	1.000000	0.000000	0.000000	0.000000	0.000000	0.000000	
XP_008598222.1 rasp f 7 allergen _Beauveria bassiana ARSEF 2860_	SP	0.000327	0.999019	0.000168	0.000163	0.000147	0.000141	CS pos: 14-15. Pr: 0.8643
XP_008598223.1 uncharacterized protein BBA_04904 _Beauveria bassiana ARSEF 2860_	OTHER	0.997734	0.002222	0.000012	0.000009	0.000005	0.000007	
XP_008598228.1 uncharacterized protein BBA_04909 _Beauveria bassiana ARSEF 2860_	OTHER	1.000000	0.000000	0.000000	0.000000	0.000000	0.000000	
XP_008598244.1 protein-tyrosine phosphatase _Beauveria bassiana ARSEF 2860_	OTHER	0.999988	0.000044	0.000000	0.000000	0.000000	0.000000	
XP_008598256.1 fungal specific transcription factor _Beauveria bassiana ARSEF 2860_	OTHER	0.999672	0.000343	0.000013	0.000002	0.000001	0.000004	
XP_008598276.1 potassium_sodium efflux P-type ATPase _Beauveria bassiana ARSEF 2860_	OTHER	0.999722	0.000278	0.000000	0.000000	0.000000	0.000001	
XP_008598277.1 RadR putative transcriptional regulator _Beauveria bassiana ARSEF 2860_	OTHER	1.000000	0.000000	0.000000	0.000000	0.000000	0.000000	
XP_008598278.1 MedA-like protein _Beauveria bassiana ARSEF 2860_	OTHER	1.000000	0.000000	0.000000	0.000000	0.000000	0.000000	
XP_008598294.1 AMP-binding enzyme _Beauveria bassiana ARSEF 2860_	OTHER	1.000000	0.000000	0.000000	0.000000	0.000000	0.000000	
XP_008598338.1 GMC oxidoreductase _Beauveria bassiana ARSEF 2860_	OTHER	1.000000	0.000039	0.000000	0.000000	0.000000	0.000000	
XP_008598339.1 amino acid adenylation domain-containing protein _Beauveria bassiana ARSEF 2860_	OTHER	1.000000	0.000000	0.000000	0.000000	0.000000	0.000000	
XP_008598342.1 WW domain-containing protein _Beauveria bassiana ARSEF 2860_	OTHER	0.999751	0.000308	0.000001	0.000000	0.000000	0.000000	
XP_008598353.1 nucleotide-sugar transporter _Beauveria bassiana ARSEF 2860_	OTHER	1.000000	0.000008	0.000000	0.000000	0.000000	0.000000	
XP_008598356.1 cyclophilin A _Beauveria bassiana ARSEF 2860_	OTHER	1.000000	0.000000	0.000000	0.000000	0.000000	0.000000	
XP_008598357.1 uncharacterized protein BBA_05038 _Beauveria bassiana ARSEF 2860_	OTHER	0.955977	0.043379	0.000234	0.000150	0.000097	0.000188	
XP_008598358.1 uncharacterized protein BBA_05039 _Beauveria bassiana ARSEF 2860_	OTHER	1.000000	0.000000	0.000000	0.000000	0.000000	0.000000	
XP_008598359.1 TPR_MLP1_MLP2-like protein _Beauveria bassiana ARSEF 2860_	OTHER	1.000000	0.000000	0.000000	0.000000	0.000000	0.000000	
XP_008598363.1 FAD monooxygenase _Beauveria bassiana ARSEF 2860_	OTHER	1.000000	0.000001	0.000000	0.000000	0.000000	0.000000	
XP_008598370.1 MIP family channel protein _Beauveria bassiana ARSEF 2860_	OTHER	0.999865	0.000132	0.000003	0.000000	0.000000	0.000009	
XP_008598380.1 major facilitator superfamily transporter _Beauveria bassiana ARSEF 2860_	OTHER	1.000000	0.000001	0.000000	0.000000	0.000000	0.000000	
XP_008598389.1 uncharacterized protein BBA_05070 _Beauveria bassiana ARSEF 2860_	SP	0.000497	0.998719	0.000175	0.000217	0.000192	0.000176	CS pos: 27-28. Pr: 0.9226
XP_008598402.1 nuclear pore complex subunit Nup85 _Beauveria bassiana ARSEF 2860_	OTHER	1.000000	0.000002	0.000000	0.000000	0.000000	0.000000	
XP_008598407.1 cutinase-like protein _Beauveria bassiana ARSEF 2860_	SP	0.000258	0.999117	0.000156	0.000176	0.000141	0.000139	CS pos: 21-22. Pr: 0.9679
XP_008598409.1 F-box domain-containing protein _Beauveria bassiana ARSEF 2860_	OTHER	1.000000	0.000001	0.000000	0.000000	0.000000	0.000000	
XP_008598410.1 uncharacterized protein BBA_05091 _Beauveria bassiana ARSEF 2860_	OTHER	1.000000	0.000000	0.000000	0.000000	0.000000	0.000000	
XP_008598429.1 phloretin hydrolase _Beauveria bassiana ARSEF 2860_	SP	0.002112	0.997001	0.000235	0.000225	0.000203	0.000206	CS pos: 18-19. Pr: 0.9653
XP_008598430.1 uncharacterized protein BBA_05111 _Beauveria bassiana ARSEF 2860_	OTHER	1.000000	0.000000	0.000000	0.000000	0.000000	0.000000	
XP_008598443.1 ATP-dependent protease La _Beauveria bassiana ARSEF 2860_	OTHER	1.000000	0.000000	0.000000	0.000000	0.000000	0.000000	
XP_008598450.1 ankyrin 2,3_unc44 _Beauveria bassiana ARSEF 2860_	OTHER	1.000000	0.000019	0.000000	0.000000	0.000000	0.000000	
XP_008598454.1 Prolyl endopeptidase _Beauveria bassiana ARSEF 2860_	OTHER	1.000000	0.000008	0.000000	0.000000	0.000000	0.000000	
XP_008598456.1 import inner membrane translocase subunit tim-21, mitochondrial _Beauveria bassiana ARSEF 2860_	OTHER	1.000000	0.000000	0.000000	0.000000	0.000000	0.000000	
XP_008598470.1 phosphate metabolism protein 7 _Beauveria bassiana ARSEF 2860_	SP	0.001092	0.997840	0.000240	0.000323	0.000258	0.000218	CS pos: 30-31. Pr: 0.9617
XP_008598524.1 transporter-like protein _Beauveria bassiana ARSEF 2860_	OTHER	1.000000	0.000001	0.000000	0.000000	0.000000	0.000000	
XP_008598525.1 uncharacterized protein BBA_05206 _Beauveria bassiana ARSEF 2860_	OTHER	1.000000	0.000000	0.000000	0.000000	0.000000	0.000000	
XP_008598526.1 G-protein alpha subunit _Beauveria bassiana ARSEF 2860_	OTHER	1.000000	0.000000	0.000000	0.000000	0.000000	0.000000	
XP_008598531.1 ATP synthase F0 _Beauveria bassiana ARSEF 2860_	OTHER	1.000000	0.000003	0.000000	0.000000	0.000000	0.000000	
XP_008598532.1 cytoplasmic dynein heavy chain _Beauveria bassiana ARSEF 2860_	OTHER	1.000000	0.000000	0.000000	0.000000	0.000000	0.000000	
XP_008598534.1 GRAM domain-containing protein _Beauveria bassiana ARSEF 2860_	OTHER	1.000000	0.000000	0.000000	0.000000	0.000000	0.000000	
XP_008598542.1 fungal specific transcription factor _Beauveria bassiana ARSEF 2860_	OTHER	0.998838	0.001149	0.000005	0.000002	0.000001	0.000003	
XP_008598543.1 protein phosphatase 2C _Beauveria bassiana ARSEF 2860_	OTHER	1.000000	0.000000	0.000000	0.000000	0.000000	0.000000	
XP_008598550.1 cyclic nucleotide-binding domain-containing protein _Beauveria bassiana ARSEF 2860_	OTHER	1.000000	0.000000	0.000000	0.000000	0.000000	0.000000	
XP_008598581.1 WSC domain-containing protein _Beauveria bassiana ARSEF 2860_	OTHER	1.000000	0.000016	0.000000	0.000000	0.000000	0.000000	
XP_008598593.1 trypsin-like protein _Beauveria bassiana ARSEF 2860_	SP	0.000238	0.999214	0.000142	0.000141	0.000128	0.000124	CS pos: 20-21. Pr: 0.9645
XP_008598626.1 uncharacterized protein BBA_05307 _Beauveria bassiana ARSEF 2860_	OTHER	1.000000	0.000000	0.000000	0.000000	0.000000	0.000000	
XP_008598627.1 acyltransferase-like protein _Beauveria bassiana ARSEF 2860_	OTHER	0.998104	0.001854	0.000018	0.000007	0.000004	0.000013	
XP_008598635.1 cytoplasmic protein required for cell viability _Beauveria bassiana ARSEF 2860_	OTHER	1.000000	0.000025	0.000001	0.000000	0.000000	0.000000	
XP_008598656.1 uncharacterized protein BBA_05337 _Beauveria bassiana ARSEF 2860_	OTHER	1.000000	0.000000	0.000000	0.000000	0.000000	0.000000	
XP_008598664.1 Acyl-CoA N-acyltransferase _Beauveria bassiana ARSEF 2860_	OTHER	1.000000	0.000000	0.000000	0.000000	0.000000	0.000000	
XP_008598665.1 FtsJ-like methyltransferase _Beauveria bassiana ARSEF 2860_	OTHER	1.000000	0.000000	0.000000	0.000000	0.000000	0.000000	
XP_008598666.1 Ncp1-like protein _Beauveria bassiana ARSEF 2860_	OTHER	1.000000	0.000004	0.000000	0.000000	0.000000	0.000000	
XP_008598668.1 fasciclin domain-containing protein _Beauveria bassiana ARSEF 2860_	SP	0.000238	0.999189	0.000148	0.000160	0.000142	0.000136	CS pos: 18-19. Pr: 0.9709
XP_008598716.1 ATPase protein _Beauveria bassiana ARSEF 2860_	OTHER	1.000000	0.000002	0.000000	0.000000	0.000000	0.000000	
XP_008598904.1 Protein of unknown function DUF3128 _Beauveria bassiana ARSEF 2860_	OTHER	1.000000	0.000000	0.000000	0.000000	0.000000	0.000000	
XP_008598914.1 RNA polymerase Rpb2 _Beauveria bassiana ARSEF 2860_	OTHER	1.000000	0.000000	0.000000	0.000000	0.000000	0.000000	
XP_008598923.1 uncharacterized protein BBA_05604 _Beauveria bassiana ARSEF 2860_	OTHER	1.000000	0.000015	0.000001	0.000000	0.000000	0.000000	
XP_008598924.1 formyl transferase domain-containing protein _Beauveria bassiana ARSEF 2860_	OTHER	1.000000	0.000005	0.000000	0.000000	0.000000	0.000000	
XP_008598935.1 major facilitator superfamily transporter _Beauveria bassiana ARSEF 2860_	OTHER	1.000000	0.000000	0.000000	0.000000	0.000000	0.000000	
XP_008598941.1 DSBA-like thioredoxin domain-containing protein _Beauveria bassiana ARSEF 2860_	OTHER	1.000000	0.000008	0.000000	0.000000	0.000000	0.000000	
XP_008598943.1 VHS domain-containing protein _Beauveria bassiana ARSEF 2860_	OTHER	1.000000	0.000005	0.000000	0.000000	0.000000	0.000000	
XP_008598949.1 NDT80_PhoG like DNA-binding family protein _Beauveria bassiana ARSEF 2860_	OTHER	0.999881	0.000162	0.000001	0.000000	0.000000	0.000000	
XP_008598955.1 helix-loop-helix DNA-binding domain-containing protein _Beauveria bassiana ARSEF 2860_	OTHER	1.000000	0.000000	0.000000	0.000000	0.000000	0.000000	
XP_008598956.1 uncharacterized protein BBA_05637 _Beauveria bassiana ARSEF 2860_	SP	0.246064	0.751496	0.000816	0.000621	0.000478	0.000505	CS pos: 26-27. Pr: 0.7231
XP_008598979.1 C2H2 type zinc finger domain protein _Beauveria bassiana ARSEF 2860_	OTHER	1.000000	0.000000	0.000000	0.000000	0.000000	0.000000	
XP_008598994.1 uncharacterized protein BBA_05675 _Beauveria bassiana ARSEF 2860_	OTHER	1.000000	0.000000	0.000000	0.000000	0.000000	0.000000	
XP_008599004.1 Cytochrome P450 CYP584D4 _Beauveria bassiana ARSEF 2860_	OTHER	0.999329	0.000701	0.000002	0.000002	0.000002	0.000003	
XP_008599015.1 import inner membrane translocase subunit TIM16 _Beauveria bassiana ARSEF 2860_	OTHER	1.000000	0.000001	0.000000	0.000000	0.000000	0.000000	
XP_008599043.1 methyltransferase domain-containing protein _Beauveria bassiana ARSEF 2860_	OTHER	1.000000	0.000000	0.000000	0.000000	0.000000	0.000000	
XP_008599089.1 serine_threonine kinase IREI _Beauveria bassiana ARSEF 2860_	SP	0.000263	0.999094	0.000181	0.000165	0.000145	0.000130	CS pos: 35-36. Pr: 0.9753
XP_008599111.1 isoflavone reductase _Beauveria bassiana ARSEF 2860_	OTHER	0.999829	0.000213	0.000010	0.000001	0.000000	0.000001	
XP_008599152.1 major facilitator superfamily transporter _Beauveria bassiana ARSEF 2860_	OTHER	0.985004	0.013020	0.000540	0.000987	0.000259	0.000188	
XP_008599161.1 uncharacterized protein BBA_05842 _Beauveria bassiana ARSEF 2860_	OTHER	1.000000	0.000000	0.000000	0.000000	0.000000	0.000000	
XP_008599166.1 putative glycosyl hydrolase _Beauveria bassiana ARSEF 2860_	OTHER	1.000000	0.000042	0.000000	0.000000	0.000000	0.000000	
XP_008599176.1 short chain dehydrogenase _Beauveria bassiana ARSEF 2860_	OTHER	0.999841	0.000146	0.000000	0.000000	0.000000	0.000000	
XP_008599196.1 2-nitropropane dioxygenase _Beauveria bassiana ARSEF 2860_	OTHER	1.000000	0.000001	0.000000	0.000000	0.000000	0.000000	
XP_008599197.1 metal dependent phosphohydrolase _Beauveria bassiana ARSEF 2860_	OTHER	1.000000	0.000000	0.000000	0.000000	0.000000	0.000000	
XP_008599213.1 eukaryotic aspartyl protease _Beauveria bassiana ARSEF 2860_	SP	0.000347	0.998933	0.000178	0.000192	0.000175	0.000161	CS pos: 19-20. Pr: 0.9716
XP_008599230.1 ATPase protein _Beauveria bassiana ARSEF 2860_	OTHER	1.000000	0.000001	0.000000	0.000000	0.000000	0.000000	
XP_008599255.1 leucine Rich Repeat domain-containing protein _Beauveria bassiana ARSEF 2860_	OTHER	1.000000	0.000000	0.000000	0.000000	0.000000	0.000000	
XP_008599258.1 fungal specific transcription factor _Beauveria bassiana ARSEF 2860_	OTHER	1.000000	0.000000	0.000000	0.000000	0.000000	0.000000	
XP_008599263.1 uncharacterized protein BBA_05944 _Beauveria bassiana ARSEF 2860_	OTHER	1.000000	0.000000	0.000000	0.000000	0.000000	0.000000	
XP_008599269.1 dihydroflavonal-4-reductase protein _Beauveria bassiana ARSEF 2860_	OTHER	1.000000	0.000000	0.000000	0.000000	0.000000	0.000000	
XP_008599277.1 Fungal specific transcription factor, putative _Beauveria bassiana ARSEF 2860_	OTHER	1.000000	0.000004	0.000000	0.000000	0.000000	0.000000	
XP_008599286.1 uncharacterized protein BBA_05967 _Beauveria bassiana ARSEF 2860_	OTHER	0.999716	0.000315	0.000007	0.000001	0.000000	0.000001	
XP_008599311.1 NTF2 and RRM domain-containing protein _Beauveria bassiana ARSEF 2860_	OTHER	0.999911	0.000123	0.000001	0.000000	0.000000	0.000000	
XP_008599327.1 FAD binding domain-containing protein _Beauveria bassiana ARSEF 2860_	OTHER	1.000000	0.000000	0.000000	0.000000	0.000000	0.000000	
XP_008599334.1 PCI domain-containing protein _Beauveria bassiana ARSEF 2860_	OTHER	1.000000	0.000000	0.000000	0.000000	0.000000	0.000000	
XP_008599335.1 checkpoint kinase 2 _Beauveria bassiana ARSEF 2860_	OTHER	1.000000	0.000000	0.000000	0.000000	0.000000	0.000000	
XP_008599357.1 WD domain-containing protein _Beauveria bassiana ARSEF 2860_	OTHER	1.000000	0.000000	0.000000	0.000000	0.000000	0.000000	
XP_008599365.1 glutamate-cysteine ligase _Beauveria bassiana ARSEF 2860_	OTHER	1.000000	0.000015	0.000000	0.000000	0.000000	0.000000	
XP_008599369.1 uncharacterized protein BBA_06050 _Beauveria bassiana ARSEF 2860_	OTHER	1.000000	0.000000	0.000000	0.000000	0.000000	0.000000	
XP_008599383.1 GATA zinc finger protein _Beauveria bassiana ARSEF 2860_	OTHER	1.000000	0.000000	0.000000	0.000000	0.000000	0.000000	
XP_008599385.1 FHA domain-containing protein _Beauveria bassiana ARSEF 2860_	OTHER	1.000000	0.000000	0.000000	0.000000	0.000000	0.000000	
XP_008599388.1 RanBP1 domain-containing protein _Beauveria bassiana ARSEF 2860_	OTHER	1.000000	0.000000	0.000000	0.000000	0.000000	0.000000	
XP_008599389.1 ABC multidrug transporter _Beauveria bassiana ARSEF 2860_	OTHER	1.000000	0.000001	0.000000	0.000000	0.000000	0.000000	
XP_008599398.1 vacuolar ATP synthase 16 kDa proteolipid subunit _Beauveria bassiana ARSEF 2860_	OTHER	0.999979	0.000030	0.000000	0.000000	0.000000	0.000000	
XP_008599422.1 myo-inositol-1-phosphate synthase _Beauveria bassiana ARSEF 2860_	OTHER	1.000000	0.000001	0.000000	0.000000	0.000000	0.000000	
XP_008599423.1 LIM domain-containing protein _Beauveria bassiana ARSEF 2860_	OTHER	1.000000	0.000001	0.000000	0.000000	0.000000	0.000000	
XP_008599434.1 RNA recognition domain-containing protein _Beauveria bassiana ARSEF 2860_	OTHER	1.000000	0.000000	0.000000	0.000000	0.000000	0.000000	
XP_008599436.1 Sts1 protein _Beauveria bassiana ARSEF 2860_	OTHER	1.000000	0.000000	0.000000	0.000000	0.000000	0.000000	
XP_008599444.1 uncharacterized protein BBA_06125 _Beauveria bassiana ARSEF 2860_	OTHER	0.999821	0.000199	0.000014	0.000000	0.000000	0.000000	
XP_008599462.1 phosphatidylserine decarboxylase _Beauveria bassiana ARSEF 2860_	OTHER	1.000000	0.000000	0.000000	0.000000	0.000000	0.000000	
XP_008599469.1 fucose permease _Beauveria bassiana ARSEF 2860_	OTHER	1.000000	0.000000	0.000000	0.000000	0.000000	0.000000	
XP_008599492.1 Lsm14a protein _Beauveria bassiana ARSEF 2860_	OTHER	1.000000	0.000000	0.000000	0.000000	0.000000	0.000000	
XP_008599497.1 uncharacterized protein BBA_06178 _Beauveria bassiana ARSEF 2860_	OTHER	1.000000	0.000000	0.000000	0.000000	0.000000	0.000000	
XP_008599501.1 ribose-phosphate diphosphokinase _Beauveria bassiana ARSEF 2860_	OTHER	1.000000	0.000000	0.000000	0.000000	0.000000	0.000000	
XP_008599505.1 Catalase-like domain, heme-dependent _Beauveria bassiana ARSEF 2860_	OTHER	1.000000	0.000000	0.000000	0.000000	0.000000	0.000000	
XP_008599539.1 uncharacterized protein BBA_06220 _Beauveria bassiana ARSEF 2860_	OTHER	1.000000	0.000001	0.000000	0.000000	0.000000	0.000000	
XP_008599564.1 ABC transporter _Beauveria bassiana ARSEF 2860_	OTHER	1.000000	0.000000	0.000000	0.000000	0.000000	0.000000	
XP_008599565.1 uncharacterized protein BBA_06246 _Beauveria bassiana ARSEF 2860_	OTHER	0.988180	0.011765	0.000025	0.000026	0.000012	0.000019	
XP_008599570.1 tyrosinase 2 _Beauveria bassiana ARSEF 2860_	SP	0.000260	0.999139	0.000142	0.000158	0.000139	0.000130	CS pos: 24-25. Pr: 0.9679
XP_008599578.1 uncharacterized protein BBA_06259 _Beauveria bassiana ARSEF 2860_	OTHER	1.000000	0.000000	0.000000	0.000000	0.000000	0.000000	
XP_008599584.1 DNA replication factor Dna2 _Beauveria bassiana ARSEF 2860_	OTHER	1.000000	0.000000	0.000000	0.000000	0.000000	0.000000	
XP_008599590.1 5_-nucleotidase domain-containing protein _Beauveria bassiana ARSEF 2860_	OTHER	1.000000	0.000000	0.000000	0.000000	0.000000	0.000000	
XP_008599972.1 uncharacterized protein BBA_06653 _Beauveria bassiana ARSEF 2860_	OTHER	1.000000	0.000000	0.000000	0.000000	0.000000	0.000000	
XP_008599999.1 phosphotransferase enzyme family protein _Beauveria bassiana ARSEF 2860_	OTHER	0.999808	0.000199	0.000012	0.000001	0.000000	0.000003	
XP_008600006.1 2OG-Fe_II_ oxygenase superfamily protein _Beauveria bassiana ARSEF 2860_	OTHER	1.000000	0.000000	0.000000	0.000000	0.000000	0.000000	
XP_008600018.1 uncharacterized protein BBA_06699 _Beauveria bassiana ARSEF 2860_	OTHER	1.000000	0.000001	0.000000	0.000000	0.000000	0.000000	
XP_008600023.1 SMI1_KNR4 family protein _Beauveria bassiana ARSEF 2860_	OTHER	1.000000	0.000000	0.000000	0.000000	0.000000	0.000000	
XP_008600025.1 Chitin-binding, domain 3 _Beauveria bassiana ARSEF 2860_	SP	0.011532	0.987506	0.000275	0.000238	0.000217	0.000224	CS pos: 17-18. Pr: 0.8439
XP_008600038.1 aspartyl-tRNA synthetase _Beauveria bassiana ARSEF 2860_	OTHER	1.000000	0.000000	0.000000	0.000000	0.000000	0.000000	
XP_008600043.1 pH-response regulator protein palI_rim-9 _Beauveria bassiana ARSEF 2860_	OTHER	0.562487	0.435145	0.000618	0.000577	0.000334	0.000837	
XP_008600044.1 ABC transporter _Beauveria bassiana ARSEF 2860_	OTHER	0.999806	0.000194	0.000000	0.000000	0.000000	0.000000	
XP_008600046.1 nonribosomal peptide synthase _Beauveria bassiana ARSEF 2860_	OTHER	1.000000	0.000000	0.000000	0.000000	0.000000	0.000000	
XP_008600047.1 ABC1 family protein _Beauveria bassiana ARSEF 2860_	OTHER	1.000000	0.000000	0.000000	0.000000	0.000000	0.000000	
XP_008600074.1 FAD binding domain protein _Beauveria bassiana ARSEF 2860_	OTHER	1.000000	0.000000	0.000000	0.000000	0.000000	0.000000	
XP_008600078.1 uncharacterized protein BBA_06759 _Beauveria bassiana ARSEF 2860_	OTHER	0.999950	0.000081	0.000004	0.000000	0.000000	0.000000	
XP_008600080.1 C2H2 finger domain protein _Beauveria bassiana ARSEF 2860_	OTHER	1.000000	0.000000	0.000000	0.000000	0.000000	0.000000	
XP_008600115.1 uncharacterized protein BBA_06796 _Beauveria bassiana ARSEF 2860_	OTHER	1.000000	0.000005	0.000000	0.000000	0.000000	0.000000	
XP_008600168.1 thermotolerance protein _Beauveria bassiana ARSEF 2860_	OTHER	1.000000	0.000005	0.000000	0.000000	0.000000	0.000000	
XP_008600173.1 rhodanese-like domain-containing protein _Beauveria bassiana ARSEF 2860_	OTHER	1.000000	0.000001	0.000000	0.000000	0.000000	0.000000	
XP_008600178.1 class V chitin synthase _Beauveria bassiana ARSEF 2860_	OTHER	1.000000	0.000000	0.000000	0.000000	0.000000	0.000000	
XP_008600179.1 ribosome biogenesis protein Urb1 _Beauveria bassiana ARSEF 2860_	OTHER	1.000000	0.000000	0.000000	0.000000	0.000000	0.000000	
XP_008600192.1 Cytochrome P450 CYP505A1 _Beauveria bassiana ARSEF 2860_	OTHER	0.999766	0.000237	0.000000	0.000000	0.000000	0.000000	
XP_008600204.1 guanine deaminase _Beauveria bassiana ARSEF 2860_	OTHER	1.000000	0.000000	0.000000	0.000000	0.000000	0.000000	
XP_008600223.1 uncharacterized protein BBA_06904 _Beauveria bassiana ARSEF 2860_	OTHER	1.000000	0.000000	0.000000	0.000000	0.000000	0.000000	
XP_008600225.1 integral membrane protein Pth11-like, putative _Beauveria bassiana ARSEF 2860_	OTHER	1.000000	0.000000	0.000000	0.000000	0.000000	0.000000	
XP_008600246.1 F-box domain-containing protein _Beauveria bassiana ARSEF 2860_	OTHER	1.000000	0.000002	0.000000	0.000000	0.000000	0.000000	
XP_008600253.1 uncharacterized protein BBA_06934 _Beauveria bassiana ARSEF 2860_	OTHER	1.000000	0.000006	0.000000	0.000000	0.000000	0.000000	
XP_008600261.1 MFS multidrug transporter, putative _Beauveria bassiana ARSEF 2860_	OTHER	0.999897	0.000088	0.000001	0.000000	0.000000	0.000009	
XP_008600268.1 uncharacterized protein BBA_06949 _Beauveria bassiana ARSEF 2860_	OTHER	1.000000	0.000000	0.000000	0.000000	0.000000	0.000000	
XP_008600272.1 fimbrin-like protein _Beauveria bassiana ARSEF 2860_	OTHER	1.000000	0.000000	0.000000	0.000000	0.000000	0.000000	
XP_008600280.1 oocyte zinc finger protein XlCOF20 _Beauveria bassiana ARSEF 2860_	OTHER	1.000000	0.000000	0.000000	0.000000	0.000000	0.000000	
XP_008600318.1 uncharacterized protein BBA_06999 _Beauveria bassiana ARSEF 2860_	OTHER	1.000000	0.000009	0.000000	0.000000	0.000000	0.000000	
XP_008600349.1 Zn_II_2Cys6 transcription factor _Beauveria bassiana ARSEF 2860_	OTHER	1.000000	0.000000	0.000000	0.000000	0.000000	0.000000	
XP_008600354.1 glycosyltransferase family 57 _Beauveria bassiana ARSEF 2860_	OTHER	0.999957	0.000047	0.000000	0.000000	0.000000	0.000001	
XP_008600367.1 uncharacterized protein BBA_07048 _Beauveria bassiana ARSEF 2860_	SP	0.000221	0.999145	0.000157	0.000155	0.000140	0.000133	CS pos: 16-17. Pr: 0.9768
XP_008600368.1 itaconyl-CoA hydratase _Beauveria bassiana ARSEF 2860_	OTHER	1.000000	0.000000	0.000000	0.000000	0.000000	0.000000	
XP_008600372.1 sugar porter family MFS transporter _Beauveria bassiana ARSEF 2860_	OTHER	0.999889	0.000181	0.000000	0.000000	0.000000	0.000000	
XP_008600375.1 WD domain-containing protein _Beauveria bassiana ARSEF 2860_	OTHER	1.000000	0.000000	0.000000	0.000000	0.000000	0.000000	
XP_008600393.1 methyltransferase domain-containing protein _Beauveria bassiana ARSEF 2860_	OTHER	1.000000	0.000006	0.000000	0.000000	0.000000	0.000000	
XP_008600394.1 kinesin heavy chain _Beauveria bassiana ARSEF 2860_	OTHER	1.000000	0.000000	0.000000	0.000000	0.000000	0.000000	
XP_008600402.1 HMG CoA reductase _Beauveria bassiana ARSEF 2860_	OTHER	1.000000	0.000001	0.000000	0.000000	0.000000	0.000000	
XP_008600412.1 RING finger protein _Beauveria bassiana ARSEF 2860_	OTHER	1.000000	0.000022	0.000003	0.000000	0.000000	0.000000	
XP_008600415.1 ubiquitin-conjugating enzyme _Beauveria bassiana ARSEF 2860_	OTHER	1.000000	0.000000	0.000000	0.000000	0.000000	0.000000	
XP_008600422.1 phospholipid-translocating P-type ATPase _Beauveria bassiana ARSEF 2860_	OTHER	1.000000	0.000000	0.000000	0.000000	0.000000	0.000000	
XP_008600435.1 Sec7 domain-containing protein _Beauveria bassiana ARSEF 2860_	OTHER	1.000000	0.000000	0.000000	0.000000	0.000000	0.000000	
XP_008600438.1 C6 zinc finger domain-containing protein _Beauveria bassiana ARSEF 2860_	OTHER	1.000000	0.000011	0.000000	0.000000	0.000000	0.000000	
XP_008600439.1 major facilitator superfamily transporter _Beauveria bassiana ARSEF 2860_	OTHER	0.999929	0.000062	0.000000	0.000000	0.000000	0.000003	
XP_008600450.1 C3HC4 type _RING finger_ zinc finger containing protein _Beauveria bassiana ARSEF 2860_	OTHER	1.000000	0.000002	0.000000	0.000000	0.000000	0.000000	
XP_008600463.1 deuterolysin metalloprotease _Beauveria bassiana ARSEF 2860_	OTHER	0.995906	0.003990	0.000071	0.000007	0.000004	0.000008	
XP_008601037.1 beta transducin-like protein HET-E2C_4 _Beauveria bassiana ARSEF 2860_	OTHER	1.000000	0.000000	0.000000	0.000000	0.000000	0.000000	
XP_008601044.1 AMI1 protein _Beauveria bassiana ARSEF 2860_	OTHER	1.000000	0.000001	0.000000	0.000000	0.000000	0.000000	
XP_008601045.1 PH domain-containing protein _Beauveria bassiana ARSEF 2860_	OTHER	1.000000	0.000000	0.000000	0.000000	0.000000	0.000000	
XP_008601048.1 40S ribosomal protein S9 _Beauveria bassiana ARSEF 2860_	OTHER	1.000000	0.000000	0.000000	0.000000	0.000000	0.000000	
XP_008601051.1 ANTH domain-containing protein _Beauveria bassiana ARSEF 2860_	OTHER	1.000000	0.000001	0.000000	0.000000	0.000000	0.000000	
XP_008601053.1 DNA lyase _Beauveria bassiana ARSEF 2860_	OTHER	1.000000	0.000000	0.000000	0.000000	0.000000	0.000000	
XP_008601066.1 CorA-like Mg2_ transporter _Beauveria bassiana ARSEF 2860_	OTHER	1.000000	0.000000	0.000000	0.000000	0.000000	0.000000	
XP_008601074.1 TPR domain-containing protein _Beauveria bassiana ARSEF 2860_	OTHER	1.000000	0.000005	0.000000	0.000000	0.000000	0.000000	
XP_008601086.1 uncharacterized protein BBA_07767 _Beauveria bassiana ARSEF 2860_	OTHER	1.000000	0.000000	0.000000	0.000000	0.000000	0.000000	
XP_008601105.1 calcium-translocating P-type ATPase _Beauveria bassiana ARSEF 2860_	OTHER	1.000000	0.000039	0.000000	0.000000	0.000000	0.000000	
XP_008601106.1 cobalamin synthesis protein _Beauveria bassiana ARSEF 2860_	OTHER	1.000000	0.000000	0.000000	0.000000	0.000000	0.000000	
XP_008601113.1 RING-11 protein _Beauveria bassiana ARSEF 2860_	OTHER	1.000000	0.000001	0.000000	0.000000	0.000000	0.000000	
XP_008601134.1 Cytochrome P450 CYP504B10 _Beauveria bassiana ARSEF 2860_	OTHER	1.000000	0.000004	0.000000	0.000000	0.000000	0.000000	
XP_008601142.1 peptidase M16C associated _Beauveria bassiana ARSEF 2860_	OTHER	1.000000	0.000000	0.000000	0.000000	0.000000	0.000000	
XP_008601150.1 phosphatidylinositol-specific phospholipase C _Beauveria bassiana ARSEF 2860_	OTHER	1.000000	0.000000	0.000000	0.000000	0.000000	0.000000	
XP_008601174.1 solute carrier family 25 member 45 _Beauveria bassiana ARSEF 2860_	OTHER	1.000000	0.000000	0.000000	0.000000	0.000000	0.000000	
XP_008601218.1 chitinase 18-3 _Beauveria bassiana ARSEF 2860_	OTHER	1.000000	0.000009	0.000000	0.000000	0.000000	0.000000	
XP_008601233.1 G-patch domain-containing protein _Beauveria bassiana ARSEF 2860_	OTHER	0.999231	0.000764	0.000024	0.000005	0.000002	0.000009	
XP_008601234.1 uncharacterized protein BBA_07915 _Beauveria bassiana ARSEF 2860_	OTHER	1.000000	0.000000	0.000000	0.000000	0.000000	0.000000	
XP_008601255.1 uncharacterized protein BBA_07936 _Beauveria bassiana ARSEF 2860_	SP	0.000206	0.999210	0.000142	0.000159	0.000133	0.000133	CS pos: 24-25. Pr: 0.9804
XP_008601276.1 uncharacterized protein BBA_07957 _Beauveria bassiana ARSEF 2860_	OTHER	0.999405	0.000577	0.000030	0.000002	0.000001	0.000004	
XP_008601284.1 pre-mRNA splicing factor CLF1 _Beauveria bassiana ARSEF 2860_	OTHER	1.000000	0.000006	0.000000	0.000000	0.000000	0.000000	
XP_008601287.1 ankyrin repeat protein _Beauveria bassiana ARSEF 2860_	OTHER	1.000000	0.000000	0.000000	0.000000	0.000000	0.000000	
XP_008601297.1 ribophorin I _Beauveria bassiana ARSEF 2860_	SP	0.000249	0.999132	0.000153	0.000159	0.000146	0.000137	CS pos: 20-21. Pr: 0.8969
XP_008601303.1 uncharacterized protein BBA_07984 _Beauveria bassiana ARSEF 2860_	OTHER	1.000000	0.000014	0.000000	0.000000	0.000000	0.000000	
XP_008601310.1 protein kinase CHM1 _Beauveria bassiana ARSEF 2860_	OTHER	1.000000	0.000003	0.000000	0.000000	0.000000	0.000000	
XP_008601359.1 PRO41 protein _Beauveria bassiana ARSEF 2860_	OTHER	0.999638	0.000388	0.000000	0.000000	0.000000	0.000000	
XP_008601361.1 serine_threonine-protein kinase plo1 _Beauveria bassiana ARSEF 2860_	OTHER	1.000000	0.000001	0.000000	0.000000	0.000000	0.000000	
XP_008601369.1 Protein of unknown function DUF2406 _Beauveria bassiana ARSEF 2860_	OTHER	1.000000	0.000000	0.000000	0.000000	0.000000	0.000000	
XP_008601388.1 glycosyl transferase _Beauveria bassiana ARSEF 2860_	OTHER	0.955869	0.043147	0.000280	0.000154	0.000096	0.000476	
XP_008601399.1 uncharacterized protein BBA_08080 _Beauveria bassiana ARSEF 2860_	SP	0.007876	0.989991	0.000848	0.000616	0.000338	0.000296	CS pos: 19-20. Pr: 0.9615
XP_008601422.1 RNA-binding protein, rrm type _Beauveria bassiana ARSEF 2860_	OTHER	1.000000	0.000000	0.000000	0.000000	0.000000	0.000000	
XP_008601458.1 dephospho-CoA kinase _Beauveria bassiana ARSEF 2860_	OTHER	0.835000	0.162009	0.002022	0.000291	0.000207	0.000479	
XP_008601468.1 uncharacterized protein BBA_08149 _Beauveria bassiana ARSEF 2860_	OTHER	1.000000	0.000000	0.000000	0.000000	0.000000	0.000000	
XP_008601470.1 ABC transporter transmembrane region _Beauveria bassiana ARSEF 2860_	OTHER	0.999619	0.000407	0.000002	0.000000	0.000000	0.000002	
XP_008601483.1 feruloyl esterase A precursor _Beauveria bassiana ARSEF 2860_	SP	0.000306	0.999080	0.000154	0.000171	0.000150	0.000143	CS pos: 17-18. Pr: 0.9146
XP_008601492.1 uncharacterized protein BBA_08173 _Beauveria bassiana ARSEF 2860_	OTHER	1.000000	0.000000	0.000000	0.000000	0.000000	0.000000	
XP_008601511.1 WD domain-containing protein _Beauveria bassiana ARSEF 2860_	OTHER	1.000000	0.000011	0.000000	0.000000	0.000000	0.000000	
XP_008601520.1 SWR1-complex protein 4 _Beauveria bassiana ARSEF 2860_	OTHER	1.000000	0.000000	0.000000	0.000000	0.000000	0.000000	
XP_008601523.1 uncharacterized protein BBA_08204 _Beauveria bassiana ARSEF 2860_	OTHER	1.000000	0.000000	0.000000	0.000000	0.000000	0.000000	
XP_008601528.1 Mov34_MPN_PAD-1 family protein _Beauveria bassiana ARSEF 2860_	OTHER	1.000000	0.000001	0.000000	0.000000	0.000000	0.000000	
XP_008601541.1 nonribosomal peptide synthase, putative _Beauveria bassiana ARSEF 2860_	OTHER	0.999652	0.000252	0.000055	0.000002	0.000001	0.000043	
XP_008601542.1 thermolabile L-asparaginase _Beauveria bassiana ARSEF 2860_	OTHER	1.000000	0.000000	0.000000	0.000000	0.000000	0.000000	
XP_008601543.1 uncharacterized protein BBA_08224 _Beauveria bassiana ARSEF 2860_	SP	0.000272	0.999146	0.000143	0.000170	0.000142	0.000132	CS pos: 17-18. Pr: 0.9702
XP_008601551.1 mitochondrial chaperone BCS1, putative _Beauveria bassiana ARSEF 2860_	OTHER	0.999615	0.000377	0.000002	0.000001	0.000001	0.000001	
XP_008601572.1 2,3-cyclic-nucleotide 2-phosphodiesterase _Beauveria bassiana ARSEF 2860_	OTHER	1.000000	0.000000	0.000000	0.000000	0.000000	0.000000	
XP_008601594.1 GTP-binding protein LepA _Beauveria bassiana ARSEF 2860_	OTHER	1.000000	0.000001	0.000000	0.000000	0.000000	0.000000	
XP_008601604.1 uncharacterized protein BBA_08285 _Beauveria bassiana ARSEF 2860_	OTHER	1.000000	0.000000	0.000000	0.000000	0.000000	0.000000	
XP_008601630.1 uncharacterized protein BBA_08311 _Beauveria bassiana ARSEF 2860_	OTHER	1.000000	0.000000	0.000000	0.000000	0.000000	0.000000	
XP_008601633.1 C2H2 finger domain protein, putative _Beauveria bassiana ARSEF 2860_	OTHER	1.000000	0.000000	0.000000	0.000000	0.000000	0.000000	
XP_008601634.1 CHCH domain-containing protein _Beauveria bassiana ARSEF 2860_	OTHER	0.980417	0.017502	0.001889	0.000067	0.000041	0.000099	
XP_008601647.1 Pectin lyase fold_virulence factor _Beauveria bassiana ARSEF 2860_	SP	0.000230	0.999114	0.000146	0.000172	0.000145	0.000144	CS pos: 24-25. Pr: 0.9768
XP_008602092.1 ERCC4 domain-containing protein _Beauveria bassiana ARSEF 2860_	OTHER	1.000000	0.000023	0.000000	0.000000	0.000000	0.000000	
XP_008602097.1 sex-determining protein fem-1 _Beauveria bassiana ARSEF 2860_	OTHER	1.000000	0.000002	0.000000	0.000000	0.000000	0.000000	
XP_008602099.1 FAD dependent oxidoreductase, putative _Beauveria bassiana ARSEF 2860_	SP	0.009430	0.989447	0.000238	0.000315	0.000264	0.000250	CS pos: 22-23. Pr: 0.9567
XP_008602103.1 Cytochrome P450 CYP551C1 _Beauveria bassiana ARSEF 2860_	OTHER	1.000000	0.000003	0.000000	0.000000	0.000000	0.000000	
XP_008602152.1 uncharacterized protein BBA_08833 _Beauveria bassiana ARSEF 2860_	OTHER	1.000000	0.000000	0.000000	0.000000	0.000000	0.000000	
XP_008602163.1 eukaryotic aspartyl protease _Beauveria bassiana ARSEF 2860_	OTHER	0.999686	0.000373	0.000001	0.000001	0.000000	0.000000	
XP_008602164.1 H_ symporter family protein _Beauveria bassiana ARSEF 2860_	OTHER	0.999798	0.000192	0.000002	0.000000	0.000000	0.000009	
XP_008602201.1 proline-specific permease _Beauveria bassiana ARSEF 2860_	OTHER	0.999916	0.000094	0.000000	0.000000	0.000000	0.000000	
XP_008602224.1 Citrate synthase _Beauveria bassiana ARSEF 2860_	OTHER	1.000000	0.000000	0.000000	0.000000	0.000000	0.000000	
XP_008602226.1 Plasma membrane ATPase _Proton pump_ _Beauveria bassiana ARSEF 2860_	OTHER	1.000000	0.000000	0.000000	0.000000	0.000000	0.000000	
XP_008602232.1 uncharacterized protein BBA_08913 _Beauveria bassiana ARSEF 2860_	OTHER	1.000000	0.000000	0.000000	0.000000	0.000000	0.000000	
XP_008602237.1 tetratricopeptide-like protein _Beauveria bassiana ARSEF 2860_	OTHER	1.000000	0.000000	0.000000	0.000000	0.000000	0.000000	
XP_008602250.1 uncharacterized protein BBA_08931 _Beauveria bassiana ARSEF 2860_	OTHER	1.000000	0.000000	0.000000	0.000000	0.000000	0.000000	
XP_008602284.1 serine_threonine-protein kinase Sgk2 _Beauveria bassiana ARSEF 2860_	OTHER	1.000000	0.000001	0.000000	0.000000	0.000000	0.000000	
XP_008602301.1 chitinase-like protein _Beauveria bassiana ARSEF 2860_	SP	0.000240	0.999164	0.000144	0.000154	0.000139	0.000131	CS pos: 23-24. Pr: 0.9806
XP_008602354.1 FAD binding domain-containing protein _Beauveria bassiana ARSEF 2860_	OTHER	1.000000	0.000002	0.000000	0.000000	0.000000	0.000000	
XP_008602367.1 uncharacterized protein BBA_09048 _Beauveria bassiana ARSEF 2860_	OTHER	1.000000	0.000000	0.000000	0.000000	0.000000	0.000000	
XP_008602374.1 uncharacterized protein BBA_09055 _Beauveria bassiana ARSEF 2860_	OTHER	0.998706	0.001294	0.000010	0.000002	0.000001	0.000002	
XP_008602384.1 ribose-phosphate pyrophosphokinase, putative _Beauveria bassiana ARSEF 2860_	OTHER	0.999369	0.000591	0.000056	0.000003	0.000001	0.000018	
XP_008602394.1 uncharacterized protein BBA_09075 _Beauveria bassiana ARSEF 2860_	OTHER	1.000000	0.000012	0.000000	0.000000	0.000000	0.000000	
XP_008602398.1 major facilitator superfamily protein _Beauveria bassiana ARSEF 2860_	OTHER	1.000000	0.000000	0.000000	0.000000	0.000000	0.000000	
XP_008602417.1 homeobox and C2H2 transcription factor, putative _Beauveria bassiana ARSEF 2860_	OTHER	1.000000	0.000000	0.000000	0.000000	0.000000	0.000000	
XP_008602418.1 peroxisomal membrane protein pex16 _Beauveria bassiana ARSEF 2860_	OTHER	1.000000	0.000000	0.000000	0.000000	0.000000	0.000000	
XP_008602433.1 LPS-induced tumor necrosis factor alpha factor _Beauveria bassiana ARSEF 2860_	OTHER	1.000000	0.000000	0.000000	0.000000	0.000000	0.000000	
XP_008602436.1 haloalkanoic acid dehalogenase, putative _Beauveria bassiana ARSEF 2860_	OTHER	1.000000	0.000000	0.000000	0.000000	0.000000	0.000000	
XP_008602451.1 UbiE_COQ5 family methyltransferase _Beauveria bassiana ARSEF 2860_	OTHER	1.000000	0.000007	0.000000	0.000000	0.000000	0.000000	
XP_008602458.1 Cytochrome P450 CYP586B1 _Beauveria bassiana ARSEF 2860_	OTHER	1.000000	0.000002	0.000000	0.000000	0.000000	0.000000	
XP_008602470.1 acetyl-CoA carboxylase _Beauveria bassiana ARSEF 2860_	OTHER	1.000000	0.000000	0.000000	0.000000	0.000000	0.000000	
XP_008602488.1 Hexose transport-related protein, putative _Beauveria bassiana ARSEF 2860_	OTHER	0.999406	0.000612	0.000000	0.000000	0.000000	0.000000	
XP_008602509.1 vegetative cell wall protein gp1 _Beauveria bassiana ARSEF 2860_	OTHER	1.000000	0.000000	0.000000	0.000000	0.000000	0.000000	
XP_008602527.1 dimethylaniline monooxygenase _Beauveria bassiana ARSEF 2860_	OTHER	1.000000	0.000000	0.000000	0.000000	0.000000	0.000000	
XP_008602551.1 uncharacterized protein BBA_09232 _Beauveria bassiana ARSEF 2860_	OTHER	0.999614	0.000364	0.000018	0.000008	0.000004	0.000008	
XP_008602554.1 putative dual specificity protein kinase pom1 _Beauveria bassiana ARSEF 2860_	SP	0.000424	0.998907	0.000168	0.000182	0.000160	0.000154	CS pos: 21-22. Pr: 0.9621
XP_008602555.1 uncharacterized protein BBA_09236 _Beauveria bassiana ARSEF 2860_	OTHER	1.000000	0.000001	0.000000	0.000000	0.000000	0.000000	
XP_008602558.1 vacuolar sorting protein 32 _Beauveria bassiana ARSEF 2860_	OTHER	1.000000	0.000001	0.000000	0.000000	0.000000	0.000000	
XP_008602574.1 acetate kinase _Beauveria bassiana ARSEF 2860_	OTHER	1.000000	0.000000	0.000000	0.000000	0.000000	0.000000	
XP_008602577.1 LysM domain-containing protein _Beauveria bassiana ARSEF 2860_	SP	0.000305	0.999015	0.000167	0.000166	0.000158	0.000152	CS pos: 19-20. Pr: 0.9706
XP_008602593.1 LPXTG-motif cell wall anchor domain protein, putative _Beauveria bassiana ARSEF 2860_	OTHER	0.999949	0.000066	0.000000	0.000000	0.000000	0.000000	
XP_008602596.1 KH domain-containing protein _Beauveria bassiana ARSEF 2860_	OTHER	1.000000	0.000000	0.000000	0.000000	0.000000	0.000000	
XP_008602599.1 uncharacterized protein BBA_09280 _Beauveria bassiana ARSEF 2860_	SP	0.000270	0.999055	0.000162	0.000172	0.000169	0.000148	CS pos: 23-24. Pr: 0.9717
XP_008602604.1 methyltransferase domain-containing protein _Beauveria bassiana ARSEF 2860_	OTHER	1.000000	0.000002	0.000000	0.000000	0.000000	0.000000	
XP_008602607.1 uncharacterized protein BBA_09288 _Beauveria bassiana ARSEF 2860_	OTHER	1.000000	0.000000	0.000000	0.000000	0.000000	0.000000	
XP_008602633.1 Putative Zn_II_2Cys6 transcription factor _Beauveria bassiana ARSEF 2860_	OTHER	1.000000	0.000000	0.000000	0.000000	0.000000	0.000000	
XP_008602647.1 uncharacterized protein BBA_09328 _Beauveria bassiana ARSEF 2860_	OTHER	1.000000	0.000000	0.000000	0.000000	0.000000	0.000000	
XP_008602652.1 C2H2 finger domain protein, putative _Beauveria bassiana ARSEF 2860_	OTHER	1.000000	0.000001	0.000000	0.000000	0.000000	0.000000	
XP_008602686.1 importin subunit beta-3 _Beauveria bassiana ARSEF 2860_	OTHER	0.999581	0.000368	0.000043	0.000003	0.000001	0.000039	
XP_008602687.1 uncharacterized protein BBA_09368 _Beauveria bassiana ARSEF 2860_	OTHER	0.999860	0.000183	0.000002	0.000000	0.000000	0.000000	
XP_008602690.1 uncharacterized protein BBA_09371 _Beauveria bassiana ARSEF 2860_	OTHER	0.989166	0.010733	0.000057	0.000022	0.000019	0.000034	
XP_008602692.1 inorganic pyrophosphatase _Beauveria bassiana ARSEF 2860_	SP	0.000437	0.998830	0.000166	0.000195	0.000169	0.000160	CS pos: 16-17. Pr: 0.9513
XP_008602697.1 PaxB protein _Beauveria bassiana ARSEF 2860_	OTHER	1.000000	0.000000	0.000000	0.000000	0.000000	0.000000	
XP_008602706.1 key lime pathogenicity protein _Beauveria bassiana ARSEF 2860_	OTHER	1.000000	0.000000	0.000000	0.000000	0.000000	0.000000	
XP_008602707.1 cobalamin-independent methionine synthase _Beauveria bassiana ARSEF 2860_	OTHER	1.000000	0.000003	0.000000	0.000000	0.000000	0.000000	
XP_008602734.1 DNA ligase I _Beauveria bassiana ARSEF 2860_	OTHER	1.000000	0.000000	0.000000	0.000000	0.000000	0.000000	
XP_008602742.1 translation factor _SUA5_ _Beauveria bassiana ARSEF 2860_	OTHER	1.000000	0.000001	0.000000	0.000000	0.000000	0.000000	
XP_008602745.1 sex-determining protein fem-1 _Beauveria bassiana ARSEF 2860_	OTHER	1.000000	0.000000	0.000000	0.000000	0.000000	0.000000	
XP_008602746.1 serine carboxypeptidase _Beauveria bassiana ARSEF 2860_	SP	0.000864	0.998403	0.000186	0.000189	0.000176	0.000164	CS pos: 20-21. Pr: 0.9752
XP_008602755.1 zinc finger-like protein _Beauveria bassiana ARSEF 2860_	OTHER	1.000000	0.000000	0.000000	0.000000	0.000000	0.000000	
XP_008602777.1 gag protein _Beauveria bassiana ARSEF 2860_	OTHER	1.000000	0.000000	0.000000	0.000000	0.000000	0.000000	
XP_008602779.1 SAM dependent carboxyl methyltransferase _Beauveria bassiana ARSEF 2860_	OTHER	1.000000	0.000004	0.000000	0.000000	0.000000	0.000000	
XP_008602804.1 only proline and serin are matching in the corresponding protein _Beauveria bassiana ARSEF 2860_	OTHER	1.000000	0.000000	0.000000	0.000000	0.000000	0.000000	
XP_008602805.1 phosphotransferase enzyme family protein _Beauveria bassiana ARSEF 2860_	OTHER	1.000000	0.000000	0.000000	0.000000	0.000000	0.000000	
XP_008602825.1 fungal specific transcription factor _Beauveria bassiana ARSEF 2860_	OTHER	1.000000	0.000000	0.000000	0.000000	0.000000	0.000000	
XP_008602832.1 uncharacterized protein BBA_09513 _Beauveria bassiana ARSEF 2860_	SP	0.000349	0.998897	0.000174	0.000196	0.000176	0.000159	CS pos: 24-25. Pr: 0.9770
XP_008602850.1 uncharacterized protein BBA_09531 _Beauveria bassiana ARSEF 2860_	OTHER	1.000000	0.000000	0.000000	0.000000	0.000000	0.000000	
XP_008602859.1 uncharacterized protein BBA_09540 _Beauveria bassiana ARSEF 2860_	OTHER	1.000000	0.000000	0.000000	0.000000	0.000000	0.000000	
XP_008602861.1 C6 transcription factor _Beauveria bassiana ARSEF 2860_	OTHER	1.000000	0.000024	0.000000	0.000000	0.000000	0.000000	
XP_008602913.1 putative peptidylarginine deiminase _Beauveria bassiana ARSEF 2860_	SP	0.365051	0.633564	0.000403	0.000368	0.000280	0.000313	CS pos: 20-21. Pr: 0.5246
XP_008602914.1 uncharacterized protein BBA_09595 _Beauveria bassiana ARSEF 2860_	SP	0.000212	0.999206	0.000154	0.000163	0.000142	0.000129	CS pos: 23-24. Pr: 0.9773
XP_008602920.1 protein kinase subdomain-containing protein _Beauveria bassiana ARSEF 2860_	OTHER	1.000000	0.000000	0.000000	0.000000	0.000000	0.000000	
XP_008602925.1 uncharacterized protein BBA_09606 _Beauveria bassiana ARSEF 2860_	OTHER	1.000000	0.000001	0.000000	0.000000	0.000000	0.000000	
XP_008602946.1 uncharacterized protein BBA_09627 _Beauveria bassiana ARSEF 2860_	OTHER	1.000000	0.000000	0.000000	0.000000	0.000000	0.000000	
XP_008602964.1 uncharacterized protein BBA_09645 _Beauveria bassiana ARSEF 2860_	OTHER	0.580129	0.417103	0.001062	0.000803	0.000410	0.000490	
XP_008602968.1 WD repeat-containing protein _Beauveria bassiana ARSEF 2860_	OTHER	1.000000	0.000000	0.000000	0.000000	0.000000	0.000000	
XP_008602981.1 Tfo1 transposase _Beauveria bassiana ARSEF 2860_	OTHER	1.000000	0.000000	0.000000	0.000000	0.000000	0.000000	
XP_008602994.1 WD40 repeat-like domain-containing protein _Beauveria bassiana ARSEF 2860_	OTHER	1.000000	0.000001	0.000000	0.000000	0.000000	0.000000	
XP_008602995.1 MFS allantoate transporter _Beauveria bassiana ARSEF 2860_	OTHER	1.000000	0.000001	0.000000	0.000000	0.000000	0.000000	
XP_008603003.1 hsp90-like protein _Beauveria bassiana ARSEF 2860_	OTHER	0.999736	0.000271	0.000011	0.000002	0.000001	0.000004	
XP_008603007.1 uncharacterized protein BBA_09688 _Beauveria bassiana ARSEF 2860_	OTHER	1.000000	0.000000	0.000000	0.000000	0.000000	0.000000	
XP_008603021.1 adenylate kinase _Beauveria bassiana ARSEF 2860_	OTHER	1.000000	0.000000	0.000000	0.000000	0.000000	0.000000	
XP_008603022.1 uncharacterized protein BBA_09703 _Beauveria bassiana ARSEF 2860_	OTHER	0.999617	0.000316	0.000042	0.000004	0.000001	0.000029	
XP_008603031.1 inorganic pyrophosphatase _Beauveria bassiana ARSEF 2860_	OTHER	1.000000	0.000000	0.000000	0.000000	0.000000	0.000000	
XP_008603039.1 Cytochrome P450 CYP5293A2 _Beauveria bassiana ARSEF 2860_	OTHER	1.000000	0.000000	0.000000	0.000000	0.000000	0.000000	
XP_008603051.1 FAD binding domain-containing protein _Beauveria bassiana ARSEF 2860_	OTHER	1.000000	0.000000	0.000000	0.000000	0.000000	0.000000	
XP_008603059.1 DUF814 domain-containing protein _Beauveria bassiana ARSEF 2860_	OTHER	1.000000	0.000000	0.000000	0.000000	0.000000	0.000000	
XP_008603062.1 methyltransferase domain-containing protein _Beauveria bassiana ARSEF 2860_	OTHER	1.000000	0.000000	0.000000	0.000000	0.000000	0.000000	
XP_008603063.1 O-methyltransferase-like protein _Beauveria bassiana ARSEF 2860_	OTHER	1.000000	0.000000	0.000000	0.000000	0.000000	0.000000	
XP_008603064.1 polyketide synthase _Beauveria bassiana ARSEF 2860_	OTHER	0.999970	0.000069	0.000003	0.000000	0.000000	0.000000	
XP_008603074.1 epoxide hydrolase _Beauveria bassiana ARSEF 2860_	OTHER	1.000000	0.000000	0.000000	0.000000	0.000000	0.000000	
XP_008603084.1 phospholipid-translocating P-type ATPase _Beauveria bassiana ARSEF 2860_	OTHER	1.000000	0.000002	0.000000	0.000000	0.000000	0.000000	
XP_008603085.1 uncharacterized protein BBA_09766 _Beauveria bassiana ARSEF 2860_	SP	0.000726	0.998425	0.000196	0.000232	0.000208	0.000191	CS pos: 16-17. Pr: 0.9192
XP_008603113.1 protein kinase _Lkh1_ _Beauveria bassiana ARSEF 2860_	OTHER	1.000000	0.000000	0.000000	0.000000	0.000000	0.000000	
XP_008603132.1 cholera enterotoxin subunit A2 _Beauveria bassiana ARSEF 2860_	SP	0.001968	0.970811	0.026499	0.000264	0.000233	0.000214	CS pos: 21-22. Pr: 0.9341
XP_008603133.1 uncharacterized protein BBA_09814 _Beauveria bassiana ARSEF 2860_	SP	0.000235	0.999194	0.000145	0.000153	0.000139	0.000133	CS pos: 17-18. Pr: 0.9791
XP_008603137.1 uncharacterized protein BBA_09818 _Beauveria bassiana ARSEF 2860_	SP	0.000183	0.999226	0.000147	0.000166	0.000149	0.000134	CS pos: 18-19. Pr: 0.9854
XP_008603150.1 uncharacterized protein BBA_09831 _Beauveria bassiana ARSEF 2860_	OTHER	1.000000	0.000000	0.000000	0.000000	0.000000	0.000000	
XP_008603174.1 RecF_RecN_SMC N terminal domain-containing protein _Beauveria bassiana ARSEF 2860_	OTHER	1.000000	0.000000	0.000000	0.000000	0.000000	0.000000	
XP_008603176.1 alpha_beta hydrolase _Beauveria bassiana ARSEF 2860_	OTHER	0.999744	0.000295	0.000003	0.000001	0.000000	0.000001	
XP_008603183.1 phenol acid carboxylase, putative _Beauveria bassiana ARSEF 2860_	OTHER	1.000000	0.000000	0.000000	0.000000	0.000000	0.000000	
XP_008603185.1 uncharacterized protein BBA_09866 _Beauveria bassiana ARSEF 2860_	OTHER	0.999971	0.000047	0.000001	0.000000	0.000000	0.000000	
XP_008603237.1 protein kinase domain-containing protein _Beauveria bassiana ARSEF 2860_	OTHER	1.000000	0.000001	0.000000	0.000000	0.000000	0.000000	
XP_008603245.1 NF-X1 finger and helicase domain protein _Beauveria bassiana ARSEF 2860_	SP	0.265833	0.731473	0.001876	0.000280	0.000228	0.000293	CS pos: 25-26. Pr: 0.4042
XP_008603248.1 uncharacterized protein BBA_09929 _Beauveria bassiana ARSEF 2860_	OTHER	1.000000	0.000001	0.000000	0.000000	0.000000	0.000000	
XP_008603271.1 uncharacterized protein BBA_09952 _Beauveria bassiana ARSEF 2860_	OTHER	1.000000	0.000000	0.000000	0.000000	0.000000	0.000000	
XP_008603295.1 RNA polymerase III transcription factor tfiiic _Beauveria bassiana ARSEF 2860_	OTHER	1.000000	0.000000	0.000000	0.000000	0.000000	0.000000	
XP_008603304.1 DUF124 domain protein _Beauveria bassiana ARSEF 2860_	OTHER	1.000000	0.000000	0.000000	0.000000	0.000000	0.000000	
XP_008603317.1 conidial wall protein _Beauveria bassiana ARSEF 2860_	OTHER	1.000000	0.000001	0.000000	0.000000	0.000000	0.000000	
XP_008603331.1 FluG domain-containing protein _Beauveria bassiana ARSEF 2860_	OTHER	1.000000	0.000000	0.000000	0.000000	0.000000	0.000000	
XP_008603340.1 mitochondrial RNA-splicing protein MRS3 _Beauveria bassiana ARSEF 2860_	OTHER	1.000000	0.000003	0.000000	0.000000	0.000000	0.000000	
XP_008603351.1 DDHD domain-containing protein _Beauveria bassiana ARSEF 2860_	OTHER	1.000000	0.000000	0.000000	0.000000	0.000000	0.000000	
XP_008603359.1 intracellular serine protease _Beauveria bassiana ARSEF 2860_	OTHER	0.999522	0.000488	0.000008	0.000001	0.000001	0.000002	
XP_008603360.1 hemolysin-III family protein _Beauveria bassiana ARSEF 2860_	OTHER	1.000000	0.000000	0.000000	0.000000	0.000000	0.000000	
XP_008603369.1 sugar transporter _Beauveria bassiana ARSEF 2860_	OTHER	0.999792	0.000248	0.000000	0.000000	0.000000	0.000000	
XP_008603370.1 facilitated glucose transporter _Beauveria bassiana ARSEF 2860_	OTHER	1.000000	0.000000	0.000000	0.000000	0.000000	0.000000	
XP_008603393.1 uncharacterized protein BBA_10074 _Beauveria bassiana ARSEF 2860_	OTHER	1.000000	0.000000	0.000000	0.000000	0.000000	0.000000	
XP_008603417.1 pol-like protein _Beauveria bassiana ARSEF 2860_	OTHER	1.000000	0.000000	0.000000	0.000000	0.000000	0.000000	
XP_008603436.1 mandelate racemase_muconate lactonizing enzyme domain-containing protein _Beauveria bassiana ARSEF 2860_	OTHER	1.000000	0.000011	0.000000	0.000000	0.000000	0.000000	
XP_008603449.1 uncharacterized protein BBA_10130 _Beauveria bassiana ARSEF 2860_	OTHER	1.000000	0.000001	0.000000	0.000000	0.000000	0.000000	
XP_008603465.1 transposase-like protein _Beauveria bassiana ARSEF 2860_	OTHER	1.000000	0.000000	0.000000	0.000000	0.000000	0.000000	
XP_008603485.1 uncharacterized protein BBA_10166 _Beauveria bassiana ARSEF 2860_	OTHER	1.000000	0.000000	0.000000	0.000000	0.000000	0.000000	
XP_008603487.1 geranylgeranyl pyrophosphate synthetase _Beauveria bassiana ARSEF 2860_	OTHER	1.000000	0.000002	0.000000	0.000000	0.000000	0.000000	
XP_008603509.1 serine_threonine-protein kinase Sgk2 _Beauveria bassiana ARSEF 2860_	OTHER	0.999242	0.000685	0.000031	0.000017	0.000003	0.000010	
XP_008603510.1 uncharacterized protein BBA_10191 _Beauveria bassiana ARSEF 2860_	OTHER	1.000000	0.000001	0.000000	0.000000	0.000000	0.000000	
